<StrSheet_AccountBenefit xmlns:xsi="http://www.w3.org/2001/XMLSchema-instance" xsi:schemaLocation="https://vezel.dev/novadrop/dc/StrSheet_AccountBenefit StrSheet_AccountBenefit.xsd" xmlns="https://vezel.dev/novadrop/dc/StrSheet_AccountBenefit">
    <String id="31" string="遠征隊員證明" />
    <String id="32" string="熟練的冒險家" />
    <String id="33" string="VIP" showLeftTimeOver1Year="false" />
    <String id="34" string="邊境" hideCoolTime="true" />
    <String id="35" string="特別經驗值增加 30" hideCoolTime="true" />
    <String id="70" string="" showLeftTimeOver1Year="false" />
    <String id="77" string="每月通過" showLeftTimeOver1Year="false" />
    <String id="101" string="日本 VIP" showLeftTimeOver1Year="true" />
    <String id="102" string="日本Frontier" hideCoolTime="true" />
    <String id="103" string="日本回歸者" />
    <String id="104" string="水晶保護(日本VIP 3個月BUFF)" showLeftTimeOver1Year="true" />
    <String id="105" string="" showLeftTimeOver1Year="true" />
    <String id="106" string="" showLeftTimeOver1Year="true" />
    <String id="107" string="" showLeftTimeOver1Year="true" />
    <String id="108" string="" showLeftTimeOver1Year="true" />
    <String id="109" string="" showLeftTimeOver1Year="true" />
    <String id="333" string="Elite" />
    <String id="334" string="Founder" />
    <String id="335" string="Console Elite" />
    <String id="350" string="謎斯特的恩惠伺服器優惠" />
    <String id="433" string="TERA Club" />
    <String id="434" string="Veteran" />
    <String id="435" string="Velika Recruit Pack" />
    <String id="436" string="Vanguard Warrior Pack" />
    <String id="437" string="Arborean Hero Pack" />
    <String id="500" string="鈦金VIP" showLeftTimeOver1Year="false" />
    <String id="510" string="高速成長" />
    <String id="520" string="VIP2" />
    <String id="530" string="白金VIP" showLeftTimeOver1Year="false" />
    <String id="533" string="VIP" />
    <String id="534" string="Founder" hideCoolTime="true" />
    <String id="600" string="交易限制" hideCoolTime="true" />
    <String id="601" string="基本組合包" hideCoolTime="true" />
    <String id="602" string="交易限制" />
    <String id="691" string="安全模式" />
    <String id="701" string="鈦金VIP" showLeftTimeOver1Year="false" />
    <String id="800" string="PC Café (Minor)" />
    <String id="801" string="PC Café (Intermediate)" />
    <String id="802" string="PC Café (Major)" />
    <String id="803" string="PC Café (VIP)" />
    <String id="804" string="User ELITE (Minor)" />
    <String id="805" string="User ELITE (Intermediate)" />
    <String id="806" string="User ELITE (Major)" />
    <String id="807" string="User ELITE (VIP)" />
    <String id="808" string="" />
    <String id="809" string="【活動】白金VIP" showLeftTimeOver1Year="false" />
    <String id="810" string="白金VIP" showLeftTimeOver1Year="false" />
    <String id="1000" string="TERA 網咖" hideCoolTime="true" />
    <String id="1001" string="" hideCoolTime="true" />
    <String id="10031" string="使用跨服組隊配對系統時發送遠征隊獎勵2組" />
    <String id="10032" string="副本冷卻時間縮短為1/2&amp; 挑戰次數增加2倍" />
    <String id="10033" string="交易仲介所登錄手續費: 免費&lt;BR&gt;交易仲介所交易手續費: 5% &lt;BR&gt;交易仲介所登錄數量: 50個&lt;BR&gt;交易仲介所可使用拍賣功能&lt;BR&gt;副本冷卻時間縮短&amp; 增加挑戰次數&lt;BR&gt;冒險代幣最大量及提高代幣填充速度&lt;BR&gt;適用副本初階系統&lt;BR&gt;適用高速成長及信賴的證明效果&lt;BR&gt;可進入優惠空間" />
    <String id="10034" string="部分高級副本冷卻時間縮短&lt;BR&gt;適用副本初階系統" />
    <String id="10035" string="特別經驗值獲得量增加30%。" />
    <String id="10070" string="可以使用高速成長藥水(1小時)&lt;BR&gt;交易仲介所登錄手續費: 2%&lt;BR&gt;交易仲介所交易手續費: 10%  &lt;BR&gt;交易仲介所登錄數量: 50個&lt;BR&gt;交易仲介所可使用拍賣功能&lt;BR&gt;副本冷卻時間縮短&amp; 增加挑戰次數&lt;BR&gt;冒險代幣最大量及提高代幣填充速度&lt;BR&gt;套用副本初階系統&lt;BR&gt;套用高速成長與特殊高速成長效果&lt;BR&gt;裝備熟練度獲得量增加&lt;BR&gt;可進入優惠空間" />
    <String id="10077" string="每日給付T-cat 250個&lt;BR&gt;可以使用高速成長藥水(1小時)&lt;BR&gt;交易仲介所登錄手續費: 2%&lt;BR&gt;交易仲介所交易手續費: 10%  &lt;BR&gt;交易仲介所登錄數量: 50個&lt;BR&gt;交易仲介所可使用拍賣功能&lt;BR&gt;副本冷卻時間縮短&amp; 增加挑戰次數&lt;BR&gt;冒險代幣最大量及提高代幣填充速度&lt;BR&gt;適用副本初階系統&lt;BR&gt;適用高速成長及信賴的證明效果&lt;BR&gt;可進入優惠空間" />
    <String id="10101" string="日本 VIP Tool Tip " />
    <String id="10102" string="日本Frontier Tool Tip " />
    <String id="10103" string="日本回歸者 Tool Tip " />
    <String id="10104" string="日本 VIP 3個月BUFF 提示說明" />
    <String id="10105" string="" />
    <String id="10106" string="" />
    <String id="10107" string="" />
    <String id="10108" string="" />
    <String id="10109" string="" />
    <String id="10333" string="冒險代幣最大量與代幣填充速度增加&lt;BR&gt;每日可執行任務次數增加2倍&lt;BR&gt;可使用古代戰鬥軍馬&lt;BR&gt;可使用天使環道具&lt;BR&gt;可使用Daily Replenishing Inventory&lt;BR&gt;發放旅行者之書：村莊移動&lt;BR&gt;發放NPC召喚卷軸、鑰匙&lt;BR&gt;交易仲介所登錄數量: 50個&lt;BR&gt;交易仲介所登錄手續費: 2%&lt;BR&gt;交易仲介所交易手續費: 10%&#xA;水晶防護&lt;BR&gt;製作所需時間大幅減少&#xA;裝備熟練度獲得量增加&lt;BR&gt;釣魚交付次數增加&lt;BR&gt;" />
    <String id="10334" string="每個伺服器角色欄位: 8個&lt;BR&gt;每個伺服器倉庫分頁：4個&lt;BR&gt;可使用阿勒坤戰鬥軍馬&lt;BR&gt;發送特別稱號&lt;BR&gt;交易仲介所登錄數量：30個" hideCoolTime="true" />
    <String id="10335" string="" />
    <String id="10433" string="" />
    <String id="10434" string="每個伺服器角色欄位: 8個&lt;BR&gt;每個伺服器倉庫分頁：4個&lt;BR&gt;發送特別稱號&lt;BR&gt;交易仲介所登錄數量：30個" hideCoolTime="true" />
    <String id="10435" string="" hideCoolTime="true" />
    <String id="10436" string="" hideCoolTime="true" />
    <String id="10437" string="" hideCoolTime="true" />
    <String id="10500" string="每日給付T-cat 250個&lt;BR&gt;可以使用高速成長藥水(1小時)&lt;BR&gt;交易仲介所登錄手續費: 2%&lt;BR&gt;交易仲介所交易手續費: 10%  &lt;BR&gt;交易仲介所登錄數量: 50個&lt;BR&gt;交易仲介所可使用拍賣功能&lt;BR&gt;副本增加挑戰次數&lt;BR&gt;冒險代幣最大量及提高代幣填充速度&lt;BR&gt;適用高速成長及特殊高速成效果&lt;BR&gt;裝備熟練度&amp;特殊點數獲得量增加&lt;BR&gt;套用效果信賴的證明 50&lt;BR&gt;&lt;BR&gt;可進入優惠空間&lt;BR&gt;完整的水晶防護效果&lt;BR&gt;解決者50效果" />
    <String id="10530" string="可以使用高速成長藥水(1小時)&lt;BR&gt;交易仲介所登錄手續費: 2%&lt;BR&gt;交易仲介所交易手續費: 10%  &lt;BR&gt;交易仲介所登錄數量: 50個&lt;BR&gt;交易仲介所可使用拍賣功能&lt;BR&gt;副本增加挑戰次數&lt;BR&gt;冒險代幣最大量及提高代幣填充速度&lt;BR&gt;適用高速成長及特殊高速成效果&lt;BR&gt;裝備熟練度&amp;特殊點數獲得量增加&lt;BR&gt;套用效果信賴的證明 50&lt;BR&gt;&lt;BR&gt;可進入優惠空間" />
    <String id="10533" string="副本冷卻時間縮短為1/2 &amp; 挑戰次數增加2倍&lt;BR&gt;每日可執行任務次數增加 2倍&lt;BR&gt;可使用古代戰鬥軍馬&lt;BR&gt;可使用天使環道具&lt;BR&gt;可使用Daily Replenishing Inventory&lt;BR&gt;旅行者之書：村莊移動發送&lt;BR&gt;發送NPC召喚卷軸，發送鑰匙&lt;BR&gt;交易仲介所登錄數量: 50個&lt;BR&gt;交易仲介所登錄手續費: 免費&lt;BR&gt;交易仲介所交易手續費: 10%&#xA;" />
    <String id="10534" string="發送特別稱號&lt;BR&gt;發送特別聊天圖示" />
    <String id="10600" string="為防止長期未上線的帳號遭到盜用，可進行金幣以及道具讓渡的功能目前正處於限制狀態。&lt;br&gt; 點擊並完成本人認證後即可解除限制。" />
    <String id="10601" string="每個伺服器角色欄位: 8個&lt;BR&gt;每個伺服器倉庫分頁：4個&lt;BR&gt;發送特別稱號&lt;BR&gt;交易仲介所登錄數量：30個" />
    <String id="10602" string="為防止帳號遭到盜用，可進行金幣以及道具轉讓的功能目前正處於限制狀態。&lt;br&gt;168小時後道具移動限制解除。完成本人認證後即可解除限制。" />
    <String id="10691" string="副本冷卻時間縮短為1/2 &amp; 挑戰次數增加2倍&lt;BR&gt;每日可執行任務次數增加 2倍&lt;BR&gt;可使用古代戰鬥軍馬&lt;BR&gt;可使用Daily Replenishing Inventory&lt;BR&gt;旅行者之書：村莊移動發送&lt;BR&gt;發送NPC召喚卷軸，發送鑰匙&lt;BR&gt;交易仲介所登錄數量: 50個&lt;BR&gt;交易仲介所登錄手續費: 免費&lt;BR&gt;交易仲介所交易手續費: 10%&#xA;" />
    <String id="10733" string="可以使用高速成長藥水(1小時)&lt;BR&gt;交易仲介所登錄手續費: 2%&lt;BR&gt;交易仲介所交易手續費: 10%  &lt;BR&gt;交易仲介所登錄數量: 50個&lt;BR&gt;交易仲介所可使用拍賣功能&lt;BR&gt;副本挑戰次數增加&lt;BR&gt;冒險代幣最大量及提高代幣填充速度&lt;BR&gt;適用高速成長及信賴的證明效果&lt;BR&gt;裝備熟練度&amp;特性點數獲得量增加&lt;BR&gt;可進入優惠空間" />
    <String id="10800" string="" />
    <String id="10801" string="" />
    <String id="10802" string="" />
    <String id="10803" string="" />
    <String id="10804" string="" />
    <String id="10805" string="" />
    <String id="10806" string="" />
    <String id="10807" string="" />
    <String id="10808" string="" />
    <String id="10809" string="每日給付T-cat 48個&lt;BR&gt;可以使用高速成長藥水(1小時)&lt;BR&gt;交易仲介所登錄手續費: 2%&lt;BR&gt;交易仲介所交易手續費: 10%  &lt;BR&gt;交易仲介所登錄數量: 50個&lt;BR&gt;交易仲介所可使用拍賣功能&lt;BR&gt;副本冷卻時間縮短&amp; 增加挑戰次數&lt;BR&gt;冒險代幣最大量及提高代幣填充速度&lt;BR&gt;適用副本初階系統&lt;BR&gt;適用高速成長及特殊高速成效果&lt;BR&gt;裝備熟練度獲得量增加&lt;BR&gt;可進入優惠空間" />
    <String id="10810" string="可以使用高速成長藥水(1小時)&lt;BR&gt;交易仲介所登錄手續費: 2%&lt;BR&gt;交易仲介所交易手續費: 10%  &lt;BR&gt;交易仲介所登錄數量: 50個&lt;BR&gt;交易仲介所可使用拍賣功能&lt;BR&gt;副本冷卻時間縮短&amp; 增加挑戰次數&lt;BR&gt;冒險代幣最大量及提高代幣填充速度&lt;BR&gt;適用副本初階系統&lt;BR&gt;適用高速成長及特殊高速成效果&lt;BR&gt;裝備熟練度獲得量增加&lt;BR&gt;可進入優惠空間" />
    <String id="11000" string="交易仲介所登錄數量: 50個&lt;BR&gt;交易仲介所可使用拍賣功能&lt;BR&gt;製作時成功機率增加10%&lt;BR&gt;可使用網咖專用背包&lt;BR&gt;狩獵時追加獲得經驗值100%&lt;BR&gt;追加獲得10%的特殊經驗值&lt;BR&gt;製作所需時間大幅減少" />
    <String id="11001" string="" />
    <String id="100031" string="單品優惠" />
    <String id="100032" string="單品優惠" />
    <String id="100033" string="組合包優惠" />
    <String id="100034" string="組合包優惠" />
    <String id="100070" string="禮包優惠" />
    <String id="100077" string="禮包優惠" />
    <String id="100101" string="日本 VIP 優惠" />
    <String id="100102" string="日本Frontier 優惠" />
    <String id="100103" string="日本回歸者 優惠" />
    <String id="100104" string="日本 VIP 3個月BUFF優惠" />
    <String id="100105" string="" />
    <String id="100106" string="" />
    <String id="100107" string="" />
    <String id="100108" string="" />
    <String id="100109" string="" />
    <String id="100333" string="組合包優惠" />
    <String id="100334" string="組合包優惠" />
    <String id="100335" string="" />
    <String id="100350" string="歡迎各位來到謎斯特的庇護伺服器!&lt;BR&gt;正在套用經驗值2倍、副本10次進行等額外獎勵優惠。" />
    <String id="100433" string="組合包優惠" />
    <String id="100434" string="組合包優惠" />
    <String id="100435" string="組合包優惠" />
    <String id="100436" string="組合包優惠" />
    <String id="100437" string="組合包優惠" />
    <String id="100500" string="優惠禮包" />
    <String id="100530" string="優惠禮包" />
    <String id="100533" string="組合包優惠" />
    <String id="100534" string="組合包優惠" />
    <String id="100600" string="郵件、交易仲介所利用、玩家間交易、組隊決鬥、公會倉庫" />
    <String id="100601" string="組合包優惠" />
    <String id="100602" string="郵件、利用交易仲介所、玩家間交易、組隊決鬥、公會倉庫" />
    <String id="100691" string="安全模式" />
    <String id="100733" string="VIP組合包優惠" />
    <String id="100800" string="" />
    <String id="100801" string="" />
    <String id="100802" string="" />
    <String id="100803" string="" />
    <String id="100804" string="" />
    <String id="100805" string="" />
    <String id="100806" string="" />
    <String id="100807" string="" />
    <String id="100808" string="" />
    <String id="100809" string="優惠禮包" />
    <String id="100810" string="優惠禮包" />
    <String id="101000" string="組合包優惠" />
    <String id="101001" string="" />
    <String id="1000600" string="為防止長期未上線的帳號遭到盜用，金幣以及道具讓渡目前正處於限制狀態。" />
    <String id="1000601" string="為防止長期未上線的帳號遭到盜用，金幣以及道具讓渡目前正處於限制狀態。" />
    <String id="1000602" string="為防止帳號遭到盜用，金幣以及道具轉讓目前正處於限制狀態。" />
    <String id="77777777" string="&lt;font color = '#00A0FF'&gt;{EventName}&lt;/font&gt;" hideCoolTime="true" />
    <String id="88888888" string="累積時間活動" hideCoolTime="true" />
    <String id="1077777777" string="&lt;font color = '#ABF200'&gt;{EventType}&lt;/font&gt; &lt;font color = '#FFBB00'&gt;{EventValue}&lt;/font&gt;{RegionList}" hideCoolTime="true" />
    <String id="1088888888" string="累積時間活動" hideCoolTime="true" />
    <String id="1188888888" string="接收" />
    <String id="1288888888" string="確認" />
</StrSheet_AccountBenefit>
