<StrSheet_Item xmlns:xsi="http://www.w3.org/2001/XMLSchema-instance" xsi:schemaLocation="https://vezel.dev/novadrop/dc/StrSheet_Item StrSheet_Item.xsd" xmlns="https://vezel.dev/novadrop/dc/StrSheet_Item">
    <String id="244500" toolTip="" string="" />
    <String id="244501" toolTip="" string="" />
    <String id="244502" toolTip="" string="" />
    <String id="244503" toolTip="" string="" />
    <String id="244504" toolTip="" string="" />
    <String id="244505" toolTip="" string="" />
    <String id="244506" toolTip="" string="" />
    <String id="244507" toolTip="" string="" />
    <String id="244508" toolTip="" string="" />
    <String id="244509" toolTip="" string="" />
    <String id="244510" toolTip="" string="" />
    <String id="244511" toolTip="" string="" />
    <String id="244512" toolTip="" string="" />
    <String id="244513" toolTip="" string="" />
    <String id="244514" toolTip="" string="" />
    <String id="244515" toolTip="" string="" />
    <String id="244516" toolTip="" string="" />
    <String id="244517" toolTip="" string="" />
    <String id="244518" toolTip="" string="" />
    <String id="244519" toolTip="" string="" />
    <String id="244520" toolTip="Dummy Smart Box" string="Dummy Smart Box20" />
    <String id="244521" toolTip="Dummy Smart Box" string="Dummy Smart Box19" />
    <String id="244522" toolTip="Dummy Smart Box" string="Dummy Smart Box18" />
    <String id="244523" toolTip="Dummy Smart Box" string="Dummy Smart Box17" />
    <String id="244524" toolTip="Dummy Smart Box" string="Dummy Smart Box16" />
    <String id="244525" toolTip="Dummy Smart Box" string="Dummy Smart Box15" />
    <String id="244526" toolTip="Dummy Smart Box" string="Dummy Smart Box14" />
    <String id="244527" toolTip="Dummy Smart Box" string="Dummy Smart Box13" />
    <String id="244528" toolTip="Dummy Smart Box" string="Dummy Smart Box12" />
    <String id="244529" toolTip="Dummy Smart Box" string="Dummy Smart Box11" />
    <String id="244530" toolTip="Dummy Gacha" string="Dummy Gacha20" />
    <String id="244531" toolTip="Dummy Gacha" string="Dummy Gacha19" />
    <String id="244532" toolTip="Dummy Gacha" string="Dummy Gacha18" />
    <String id="244533" toolTip="Dummy Gacha" string="Dummy Gacha17" />
    <String id="244534" toolTip="Dummy Gacha" string="Dummy Gacha16" />
    <String id="244535" toolTip="Dummy Gacha" string="Dummy Gacha15" />
    <String id="244536" toolTip="Dummy Gacha" string="Dummy Gacha14" />
    <String id="244537" toolTip="Dummy Gacha" string="Dummy Gacha13" />
    <String id="244538" toolTip="Dummy Gacha" string="Dummy Gacha12" />
    <String id="244539" toolTip="Dummy Gacha" string="Dummy Gacha11" />
    <String id="244540" toolTip="Dummy Smart Box" string="Dummy Smart Box30" />
    <String id="244541" toolTip="Dummy Smart Box" string="Dummy Smart Box29" />
    <String id="244542" toolTip="Dummy Smart Box" string="Dummy Smart Box28" />
    <String id="244543" toolTip="Dummy Smart Box" string="Dummy Smart Box27" />
    <String id="244544" toolTip="Dummy Smart Box" string="Dummy Smart Box26" />
    <String id="244545" toolTip="Dummy Smart Box" string="Dummy Smart Box25" />
    <String id="244546" toolTip="Dummy Smart Box" string="Dummy Smart Box24" />
    <String id="244547" toolTip="Dummy Smart Box" string="Dummy Smart Box23" />
    <String id="244548" toolTip="Dummy Smart Box" string="Dummy Smart Box22" />
    <String id="244549" toolTip="Dummy Smart Box" string="Dummy Smart Box21" />
    <String id="244550" toolTip="Dummy Gacha" string="Dummy Gacha30" />
    <String id="244551" toolTip="Dummy Gacha" string="Dummy Gacha29" />
    <String id="244552" toolTip="Dummy Gacha" string="Dummy Gacha28" />
    <String id="244553" toolTip="Dummy Gacha" string="Dummy Gacha27" />
    <String id="244554" toolTip="Dummy Gacha" string="Dummy Gacha26" />
    <String id="244555" toolTip="Dummy Gacha" string="Dummy Gacha25" />
    <String id="244556" toolTip="Dummy Gacha" string="Dummy Gacha24" />
    <String id="244557" toolTip="Dummy Gacha" string="Dummy Gacha23" />
    <String id="244558" toolTip="Dummy Gacha" string="Dummy Gacha22" />
    <String id="244559" toolTip="Dummy Gacha" string="Dummy Gacha21" />
    <String id="244560" toolTip="A smart box containing a Wedding Dress suitable for your race.&lt;BR&gt;[Smart boxes automatically generate the corresponding equipment for your character when you open them.]" string="Wedding Dress Costume box" />
    <String id="244561" toolTip="A smart box containing a dyeable Wedding Dress suitable for your race.&lt;BR&gt;[Smart boxes automatically generate the corresponding equipment for your character when you open them.]" string="Dyeable Wedding Dress Costume box" />
    <String id="244562" toolTip="A loot box guaranteed to contain extensive alkahests and a mystery bonus surprise." string="Extensive Alkahest Box" />
    <String id="244563" toolTip="A loot box guaranteed to contain spellbinds." string="Spellbind Box" />
    <String id="244564" toolTip="Guaranteed to contain five blessed enigmatic scrolls. May also contain more blessed or noble enigmatic scrolls." string="Blessed Enigmatic Scroll Case" />
    <String id="244565" toolTip="A loot box guaranteed to contain pet food. May occasionally contain a pet as well." string="Pet Food Box" />
    <String id="244566" toolTip="A loot box guaranteed to contain a semi-enigmatic scroll. May also contain a celestial spirit weapon skin (via smart box)." string="Celestial Spirit Box" />
    <String id="244567" toolTip="A loot box guaranteed to contain a semi-enigmatic scroll. May occasionally contain an Icegrip weapon skin." string="Ice Box" />
    <String id="244568" toolTip="A loot box guaranteed to contain an instance reset scroll. May also contain a Blizzat's Remembrance weapon skin smart box, alkahests, or other consumables. [Smart boxes automatically generate an exact match to the character who opens it. Blizzat's Remembrance does not work for brawlers, gunners, or reapers.]" string="Ice Drake Weapon Crate" />
    <String id="244569" toolTip="A loot box guaranteed to contain an instance reset scroll. May also contain a Vesel's Remembrance weapon skin smart box, alkahests, or other consumables. [Smart boxes automatically generate an exact match to the character who opens it. Vesel's Remembrance does not work for brawlers, gunners, or reapers.]" string="Fire Drake Weapon Crate" />
    <String id="244570" toolTip="A loot box guaranteed to contain a Noblesse Token. May also contain a Silver Noblesse smart box, alkahests, or spellbinds!" string="Elleon's Nobility Box" />
    <String id="244571" toolTip="A loot box guaranteed to contain a Noblesse Token. May also contain a Golden Noblesse smart box, alkahests, or spellbinds!" string="Elleon's Bravery Box" />
    <String id="244572" toolTip="A loot box guaranteed to contain a semi-enigmatic scroll. May also contain a Dress for Success Costume Box, alkahests, or other consumables. [Smart boxes automatically generate an exact match to the character who opens it.]" string="Dress for Success Loot Box" />
    <String id="244573" toolTip="A loot box guaranteed to contain a semi-enigmatic scroll. May also contain a Formal Wear Costume Box, Fancy Party Costume box, alkahests, or other consumables. [Smart boxes automatically generate an exact match to the character who opens it.]" string="Dress to Impress Loot Box" />
    <String id="244574" toolTip="&quot;No hero is complete without a white cape.&quot; Guaranteed to contain a semi-enigmatic scroll. May occasionally contain a general's cape, a noble's cape, or a frosty mantle of indifference." string="Hero's Cape Box" />
    <String id="244575" toolTip="This loot box is guaranteed to contain a blessed enigmatic scroll, and may also contain a dyeable elin Spring Shower Raincoat, alkahests, spellbinds, or other consumables." string="Rainy Day Loot Box" />
    <String id="244576" toolTip="A loot box guaranteed to contain a semi-enigmatic scroll. It may also contain a wing back-slot item?either Golden Gliders or Fiery Feathers?alkahests, or other consumables." string="Avenging Angel Loot Box" />
    <String id="244577" toolTip="A loot box guaranteed to contain a semi-enigmatic scroll. It may also contain a wing back-slot item?either Purple Pennons or Pink Pinions?alkahests, or other consumables." string="Guardian Angel Loot Box" />
    <String id="244578" toolTip="A loot box guaranteed to contain a semi-enigmatic scroll. May also contain a Rainblow Cloud, alkahests, spellbinds, or other consumables." string="Technicolor Yawn Box" />
    <String id="244579" toolTip="A loot box guaranteed to contain a semi-enigmatic scroll. May also contain Cinderheart, the HP and MP-restoring wolf mount." string="Red Wolf Box" />
    <String id="244580" toolTip="A loot box guaranteed to contain a semi-enigmatic scroll. May also contain a Blue Wolf, the HP and MP-restoring wolf mount." string="Blue Wolf Box" />
    <String id="244581" toolTip="A loot box guaranteed to contain a semi-enigmatic scroll. May also contain a Purple Wolf, the HP and MP-restoring wolf mount." string="Purple Wolf Box" />
    <String id="244582" toolTip="A loot box guaranteed to contain a semi-enigmatic scroll. May also contain a Gold Wolf, the HP and MP-restoring wolf mount." string="Gold Wolf Box" />
    <String id="244583" toolTip="A loot box guaranteed to contain a semi-enigmatic scroll. May also contain a Snarlheart, the HP and MP-restoring wolf mount." string="Snarlheart Wolfrider Box" />
    <String id="244584" toolTip="A loot box guaranteed to contain a semi-enigmatic scroll. May also contain a Gloryheart, the HP and MP-restoring wolf mount." string="Gloryheart Wolfrider Box" />
    <String id="244585" toolTip="This loot box is guaranteed to contain a semi-enigmatic scroll and may contain Ember, the fiery HP and MP-restoring struthio." string="Fiery Birdcage" />
    <String id="244586" toolTip="This loot box is guaranteed to contain a semi-enigmatic scroll and may contain Peep, the violet HP and MP-restoring struthio." string="Violet Birdcage" />
    <String id="244587" toolTip="A loot box guaranteed to contain a semi-enigmatic scroll. May also contain a permanent dyeable steampunk costume smart box. [Smart boxes automatically generate an exact match to the character who opens it.]" string="Steamer Wardrobe" />
    <String id="244588" toolTip="A loot box guaranteed to contain a semi-enigmatic scroll. May also contain a Steampunked Weapon Skin smart box, alkahests, or other consumables. [Smart boxes automatically generate an exact match to the character who opens it. Steampunked weapon skins do not work for brawlers, gunners, or reapers.]" string="Steampunked Loot Box" />
    <String id="244589" toolTip="Dummy Smart Box" string="Dummy Smart Box1" />
    <String id="244590" toolTip="Dummy Smart Box" string="Dummy Smart Box2" />
    <String id="244591" toolTip="Dummy Smart Box" string="Dummy Smart Box3" />
    <String id="244592" toolTip="Dummy Smart Box" string="Dummy Smart Box4" />
    <String id="244593" toolTip="Dummy Smart Box" string="Dummy Smart Box5" />
    <String id="244594" toolTip="Dummy Smart Box" string="Dummy Smart Box6" />
    <String id="244595" toolTip="Dummy Smart Box" string="Dummy Smart Box7" />
    <String id="244596" toolTip="Dummy Smart Box" string="Dummy Smart Box8" />
    <String id="244597" toolTip="Dummy Smart Box" string="Dummy Smart Box9" />
    <String id="244598" toolTip="Dummy Smart Box" string="Dummy Smart Box10" />
    <String id="244599" toolTip="Dummy Smart Box" string="Dummy Smart Box11" />
    <String id="244600" toolTip="Dummy Smart Box" string="Dummy Smart Box12" />
    <String id="244601" toolTip="Dummy Smart Box" string="Dummy Smart Box13" />
    <String id="244602" toolTip="Dummy Smart Box" string="Dummy Smart Box14" />
    <String id="244603" toolTip="Dummy Smart Box" string="Dummy Smart Box15" />
    <String id="244604" toolTip="Dummy Smart Box" string="Dummy Smart Box16" />
    <String id="244605" toolTip="Dummy Smart Box" string="Dummy Smart Box17" />
    <String id="244606" toolTip="Dummy Smart Box" string="Dummy Smart Box18" />
    <String id="244607" toolTip="Dummy Smart Box" string="Dummy Smart Box19" />
    <String id="244608" toolTip="Dummy Smart Box" string="Dummy Smart Box20" />
    <String id="244609" toolTip="Dummy Smart Box" string="Dummy Smart Box21" />
    <String id="244610" toolTip="Dummy Smart Box" string="Dummy Smart Box22" />
    <String id="244611" toolTip="Dummy Smart Box" string="Dummy Smart Box23" />
    <String id="244612" toolTip="Dummy Smart Box" string="Dummy Smart Box24" />
    <String id="244613" toolTip="Dummy Smart Box" string="Dummy Smart Box25" />
    <String id="244614" toolTip="Dummy Smart Box" string="Dummy Smart Box26" />
    <String id="244615" toolTip="Dummy Smart Box" string="Dummy Smart Box27" />
    <String id="244616" toolTip="Dummy Smart Box" string="Dummy Smart Box28" />
    <String id="244617" toolTip="Dummy Smart Box" string="Dummy Smart Box29" />
    <String id="244618" toolTip="Dummy Smart Box" string="Dummy Smart Box30" />
    <String id="244619" toolTip="Dummy Gacha" string="Dummy Gacha1" />
    <String id="244620" toolTip="Dummy Gacha" string="Dummy Gacha2" />
    <String id="244621" toolTip="Dummy Gacha" string="Dummy Gacha3" />
    <String id="244622" toolTip="Dummy Gacha" string="Dummy Gacha4" />
    <String id="244623" toolTip="Dummy Gacha" string="Dummy Gacha5" />
    <String id="244624" toolTip="Dummy Gacha" string="Dummy Gacha6" />
    <String id="244625" toolTip="Dummy Gacha" string="Dummy Gacha7" />
    <String id="244626" toolTip="Dummy Gacha" string="Dummy Gacha8" />
    <String id="244627" toolTip="Dummy Gacha" string="Dummy Gacha9" />
    <String id="244628" toolTip="Dummy Gacha" string="Dummy Gacha10" />
    <String id="244629" toolTip="Dummy Gacha" string="Dummy Gacha11" />
    <String id="244630" toolTip="Dummy Gacha" string="Dummy Gacha12" />
    <String id="244631" toolTip="Dummy Gacha" string="Dummy Gacha13" />
    <String id="244632" toolTip="Dummy Gacha" string="Dummy Gacha14" />
    <String id="244633" toolTip="Dummy Gacha" string="Dummy Gacha15" />
    <String id="244634" toolTip="Dummy Gacha" string="Dummy Gacha16" />
    <String id="244635" toolTip="Dummy Gacha" string="Dummy Gacha17" />
    <String id="244636" toolTip="Dummy Gacha" string="Dummy Gacha18" />
    <String id="244637" toolTip="Dummy Gacha" string="Dummy Gacha19" />
    <String id="244638" toolTip="Dummy Gacha" string="Dummy Gacha20" />
    <String id="244639" toolTip="Dummy Gacha" string="Dummy Gacha21" />
    <String id="244640" toolTip="Dummy Gacha" string="Dummy Gacha22" />
    <String id="244641" toolTip="Dummy Gacha" string="Dummy Gacha23" />
    <String id="244642" toolTip="Dummy Gacha" string="Dummy Gacha24" />
    <String id="244643" toolTip="Dummy Gacha" string="Dummy Gacha25" />
    <String id="244644" toolTip="Dummy Gacha" string="Dummy Gacha26" />
    <String id="244645" toolTip="Dummy Gacha" string="Dummy Gacha27" />
    <String id="244646" toolTip="Dummy Gacha" string="Dummy Gacha28" />
    <String id="244647" toolTip="Dummy Gacha" string="Dummy Gacha29" />
    <String id="244648" toolTip="Dummy Gacha" string="Dummy Gacha30" />
    <String id="244649" toolTip="Dummy Gacha" string="Dummy Gacha31" />
    <String id="244650" toolTip="Dummy Gacha" string="Dummy Gacha32" />
    <String id="244651" toolTip="Dummy Gacha" string="Dummy Gacha33" />
    <String id="244652" toolTip="Dummy Gacha" string="Dummy Gacha34" />
    <String id="244653" toolTip="Dummy Gacha" string="Dummy Gacha35" />
    <String id="244654" toolTip="Dummy Gacha" string="Dummy Gacha36" />
    <String id="244655" toolTip="Dummy Gacha" string="Dummy Gacha37" />
    <String id="244656" toolTip="Dummy Gacha" string="Dummy Gacha38" />
    <String id="244657" toolTip="Dummy Gacha" string="Dummy Gacha39" />
    <String id="244658" toolTip="Dummy Gacha" string="Dummy Gacha40" />
    <String id="244659" toolTip="Dummy Gacha" string="Dummy Gacha41" />
    <String id="244660" toolTip="Dummy Gacha" string="Dummy Gacha42" />
    <String id="244661" toolTip="Dummy Gacha" string="Dummy Gacha43" />
    <String id="244662" toolTip="Dummy Gacha" string="Dummy Gacha44" />
    <String id="244663" toolTip="Dummy Gacha" string="Dummy Gacha45" />
    <String id="244664" toolTip="Dummy Gacha" string="Dummy Gacha46" />
    <String id="244665" toolTip="Dummy Gacha" string="Dummy Gacha47" />
    <String id="244666" toolTip="Dummy Gacha" string="Dummy Gacha48" />
    <String id="244667" toolTip="Dummy Gacha" string="Dummy Gacha49" />
    <String id="244668" toolTip="Dummy Gacha" string="Dummy Gacha50" />
    <String id="244669" toolTip="Dummy Smart Box" string="Dummy Smart Box31" />
    <String id="244670" toolTip="Dummy Smart Box" string="Dummy Smart Box32" />
    <String id="244671" toolTip="Dummy Smart Box" string="Dummy Smart Box33" />
    <String id="244672" toolTip="Dummy Smart Box" string="Dummy Smart Box34" />
    <String id="244673" toolTip="Dummy Smart Box" string="Dummy Smart Box35" />
    <String id="244674" toolTip="Dummy Smart Box" string="Dummy Smart Box36" />
    <String id="244675" toolTip="Dummy Smart Box" string="Dummy Smart Box37" />
    <String id="244676" toolTip="Dummy Smart Box" string="Dummy Smart Box38" />
    <String id="244677" toolTip="Dummy Smart Box" string="Dummy Smart Box39" />
    <String id="244678" toolTip="Dummy Smart Box" string="Dummy Smart Box40" />
    <String id="244679" toolTip="Dummy Smart Box" string="Dummy Smart Box41" />
    <String id="244680" toolTip="Dummy Smart Box" string="Dummy Smart Box42" />
    <String id="244681" toolTip="Dummy Smart Box" string="Dummy Smart Box43" />
    <String id="244682" toolTip="Dummy Smart Box" string="Dummy Smart Box44" />
    <String id="244683" toolTip="Dummy Smart Box" string="Dummy Smart Box45" />
    <String id="244684" toolTip="Dummy Smart Box" string="Dummy Smart Box46" />
    <String id="244685" toolTip="Dummy Smart Box" string="Dummy Smart Box47" />
    <String id="244686" toolTip="Dummy Smart Box" string="Dummy Smart Box48" />
    <String id="244687" toolTip="Dummy Smart Box" string="Dummy Smart Box49" />
    <String id="244688" toolTip="Dummy Smart Box" string="Dummy Smart Box50" />
    <String id="244689" toolTip="" string="" />
    <String id="244690" toolTip="" string="" />
    <String id="244691" toolTip="Flying Skillbook Loot Box" string="Flying Skillbook Loot Box" />
    <String id="244692" toolTip="Normal Mechanic Costume Loot Box" string="Normal Mechanic Costume Loot Box" />
    <String id="244693" toolTip="Dyeable Mechanic Costume Loot Box" string="Dyeable Mechanic Costume Loot Box" />
    <String id="244694" toolTip="A loot box guaranteed to contain a semi-enigmatic scroll. May also contain a Cathodyne Smart Box, alkahests, or other consumables.&#xA;[Smart boxes automatically generate an exact match to the character who opens it.]" string="Retro Loot Box" />
    <String id="244695" toolTip="A loot box guaranteed to contain a semi-enigmatic scroll. May also contain a Prismatronic Smart Box, alkahests, or other consumables.&#xA;[Smart boxes automatically generate an exact match to the character who opens it.]" string="Emulator Loot Box" />
    <String id="244696" toolTip="A loot box guaranteed to contain a semi-enigmatic scroll. Any special items within are only usable by elins." string="Maid's Loot Box" />
    <String id="244697" toolTip="A loot box guaranteed to contain a semi-enigmatic scroll, and may also contain Felicity, the lucky cat with auto-gather, emotes, and Pet Pocket storage." string="Lucky Cat Carrier" />
    <String id="244698" toolTip="A loot box guaranteed to contain a semi-enigmatic scroll. May also contain a Shadowlaced Weapon Smart Box, alkahests, or other consumables.&#xA;[Smart boxes automatically generate an exact match to the character who opens it.]" string="Shadowlaced Loot Box" />
    <String id="244699" toolTip="A loot box guaranteed to contain a semi-enigmatic scroll. May also contain a Blackguard's Leathers smart box, alkahests, or other consumables.&#xA;[Smart boxes automatically generate an exact match to the character who opens it. Blackguard's Leathers smart box will only work for female characters.]" string="Blackguard's Tool Kit" />
    <String id="244700" toolTip="A loot box guaranteed to contain a semi-enigmatic scroll. May also contain Aurumheart, the golden dragon that restores HP and MP." string="Aurumheart Dragonrider Box" />
    <String id="244701" toolTip="A loot box guaranteed to contain a semi-enigmatic scroll. May also contain Crimsonheart, the fiery red dragon that restores HP and MP." string="Crimsonheart Dragonrider Box" />
    <String id="244702" toolTip="A loot box guaranteed to contain a semi-enigmatic scroll. May also contain alkahests, other consumables, or uncommon, rare, or superior empowering spider-silk innerwear for females that increases Power." string="Empowering Trousseau" />
    <String id="244703" toolTip="A loot box guaranteed to contain a semi-enigmatic scroll. May also contain alkahests, other consumables, or uncommon, rare, or superior fortified spider-silk innerwear for females that increases Crit Factor." string="Fortified Trousseau" />
    <String id="244704" toolTip="A loot box guaranteed to contain a semi-enigmatic scroll. May also contain alkahests, other consumables, or uncommon, rare, or superior performance spider-silk innerwear for females that replenishes MP." string="Performance Trousseau" />
    <String id="244705" toolTip="A loot box guaranteed to contain a semi-enigmatic scroll. May also contain alkahests, other consumables, or uncommon, rare, or superior fitness spider-silk innerwear for females that increases max HP." string="Fitness Trousseau" />
    <String id="244706" toolTip="A loot box guaranteed to contain a semi-enigmatic scroll. May also contain alkahests, other consumables, or uncommon, rare, or superior endurance spider-silk innerwear for females that increases Endurance." string="Endurance Trousseau" />
    <String id="244707" toolTip="A loot box guaranteed to contain a semi-enigmatic scroll. May also contain alkahests, other consumables, or uncommon, rare, or superior empowering dragon-silk innerwear that increases Power." string="Empowering Innerwear Box" />
    <String id="244708" toolTip="A loot box guaranteed to contain a semi-enigmatic scroll. May also contain alkahests, other consumables, or uncommon, rare, or superior fortified dragon-silk innerwear that increases Crit Factor." string="Fortified Innerwear Box" />
    <String id="244709" toolTip="A loot box guaranteed to contain a semi-enigmatic scroll. May also contain alkahests, other consumables, or uncommon, rare, or superior performance dragon-silk innerwear that replenishes MP." string="Performance Innerwear Box" />
    <String id="244710" toolTip="A loot box guaranteed to contain a semi-enigmatic scroll. May also contain alkahests, other consumables, or uncommon, rare, or superior fitness dragon-silk innerwear that increases max HP." string="Fitness Innerwear Box" />
    <String id="244711" toolTip="A loot box guaranteed to contain a semi-enigmatic scroll. May also contain alkahests, other consumables, or uncommon, rare, or superior endurance dragon-silk innerwear that increases Endurance." string="Endurance Innerwear Box" />
    <String id="244712" toolTip="A box guaranteed to contain uncommon, rare, or superior spider-silk innerwear for females and a self-confidence potion to show it off." string="Spider Silk Trousseau" />
    <String id="244713" toolTip="A box guaranteed to contain uncommon, rare, or superior dragon-silk innerwear and a self-confidence potion to show it off." string="Dragon Silk Innerwear" />
    <String id="244714" toolTip="A loot box guaranteed to contain a semi-enigmatic scroll. May also contain an elin elite ninja-themed costume or other useful loot." string="True Ultimate Elin Elite Box" />
    <String id="244715" toolTip="This loot box is guaranteed to contain a semi-enigmatic scroll, and may also contain a Chromaplasm smart box, spellbinds, or alkahests. [Smart boxes automatically generate an exact match to the character who opens it." string="Chromaplasm Weapon Skin Loot Box" />
    <String id="244716" toolTip="A loot box guaranteed to contain a semi-enigmatic scroll. May also contain a Red Master Plasma weapon skin smart box, alkahests, or other consumables." string="Dire Crimson Loot Box" />
    <String id="244717" toolTip="A loot box guaranteed to contain a semi-enigmatic scroll. May also contain a Purple Master Plasma weapon skin smart box, alkahests, or other consumables." string="Foreboding Purple Loot Box" />
    <String id="244718" toolTip="A loot box guaranteed to contain a semi-enigmatic scroll. May also contain a Green Master Plasma weapon skin smart box, alkahests, or other consumables." string="Shocking Green Loot Box" />
    <String id="244719" toolTip="A loot box guaranteed to contain a semi-enigmatic scroll. May also contain a Blue Master Plasma weapon skin smart box, alkahests, or other consumables." string="Electric Blue Loot Box" />
    <String id="244720" toolTip="A loot box guaranteed to contain a blessed enigmatic scroll. May also contain alkahests, spellbinds, or one of three rare flying mounts: Eclipse, Hellwing, or Argo." string="Airborne Assault Loot Box" />
    <String id="244721" toolTip="A loot box guaranteed to contain a semi-enigmatic scroll. May also contain a flying pig mount?such as Flitch, Cloudswallow, Spamtasia, or Major Swine?or alkahests, spellbinds, or other consumables!" string="High on the Hog Loot Box" />
    <String id="244722" toolTip="A loot box guaranteed to contain a semi-enigmatic scroll. May also contain a Housekeeper Costume Box, alkahests, or other consumables.&#xA;[Smart boxes automatically generate an exact match to the character who opens it. Costume Box will only work for female characters.]" string="Governess Loot Box" />
    <String id="244723" toolTip="A loot box guaranteed to contain five federation bills. May also contain a special rare housekeeper uniform for an elin, alkahest, or other useful loot." string="Elin Housemaid Loot Box" />
    <String id="244724" toolTip="A loot box guaranteed to contain a semi-enigmatic scroll. May contain a Black Cat Club costume for an elin." string="Black Box" />
    <String id="244725" toolTip="A loot box guaranteed to contain a semi-enigmatic scroll. May contain a Kitty Cat Club costume for an elin." string="Kitty Box" />
    <String id="244726" toolTip="A loot box guaranteed to contain a semi-enigmatic scroll. May also contain a Skycycle MHZ, spellbinds, or alkahests." string="Skycycle Loot Box" />
    <String id="244727" toolTip="A loot box guaranteed to contain a semi-enigmatic scroll. May also contain a Jetcycle MHZ, spellbinds, or alkahests." string="Jetcycle Loot Box" />
    <String id="244728" toolTip="A loot box guaranteed to contain a semi-enigmatic scroll. May also contain a Royal Crimson Dragon, alkahests, or spellbinds!" string="Royal Crimson Dragon Loot Box" />
    <String id="244729" toolTip="A loot box guaranteed to contain a semi-enigmatic scroll. May also contain a Royal Iron Dragon, alkahests, or spellbinds!" string="Royal Iron Dragon Loot Box" />
    <String id="244730" toolTip="A loot box guaranteed to contain a semi-enigmatic scroll. May also contain a Royal Diamond Dragon skill manual, dragon tokens, alkahests, or spellbinds!" string="Royal Diamond Dragonlord Box" />
    <String id="244731" toolTip="A loot box guaranteed to contain a semi-enigmatic scroll. May also contain a Royal Ghost Dragon skill manual, dragon tokens, alkahests, or spellbinds!" string="Royal Ghost Dragonlord Box" />
    <String id="244732" toolTip="A loot box guaranteed to contain a semi-enigmatic scroll. May also contain Empowered Black Innerwear, Empowered Signature Innerwear, alkahests, or spellbinds!" string="Empowered Inner Armor Box" />
    <String id="244733" toolTip="A loot box guaranteed to contain a semi-enigmatic scroll. May also contain Fitness Black Innerwear, Fitness Signature Innerwear, alkahests, or spellbinds!" string="Fitness Inner Armor Box" />
    <String id="244734" toolTip="A loot box guaranteed to contain a semi-enigmatic scroll. May also contain Fortified Black Innerwear, Fortified Signature Innerwear, alkahests, or spellbinds!" string="Fortified Inner Armor Box" />
    <String id="244735" toolTip="A loot box guaranteed to contain a semi-enigmatic scroll. May also contain Insulated Black Innerwear, Insulated Signature Innerwear, alkahests, or spellbinds!" string="Insulated Inner Armor Box" />
    <String id="244736" toolTip="A loot box guaranteed to contain a semi-enigmatic scroll. May also contain Performance Black Innerwear, Performance Signature Innerwear, alkahests, or spellbinds!" string="Performance Inner Armor Box" />
    <String id="244737" toolTip="A loot box guaranteed to contain a semi-enigmatic scroll. May also contain a rare Nightfall weapon skin (via smart box)." string="True Ultimate Power Weapon Box" />
    <String id="244738" toolTip="Season Pass Llama loot box" string="Llama Loot Box" />
    <String id="244739" toolTip="Dyeable Striped Bikini Leisure Shorts Loot Box" string="Dyeable Striped Bikini Leisure Shorts Loot Box" />
    <String id="244740" toolTip="Dyeable Peachstringer Fitted Beach Wear Loot Box" string="Dyeable Peachstringer Fitted Beach Wear Loot Box" />
    <String id="244741" toolTip="Dyeable Deep Jammers Loot Box" string="Dyeable Deep Jammers Loot Box" />
    <String id="244742" toolTip="Dyeable Duckie Swimsuit Loot Box" string="Dyeable Duckie Swimsuit Loot Box" />
    <String id="244743" toolTip="Castanic Female Croptop Loot Box" string="Castanic Female Croptop Loot Box" />
    <String id="244744" toolTip="Dyeable Bleachstringer and Fundoshi Loot Box" string="Dyeable Bleachstringer and Fundoshi Loot Box" />
    <String id="244745" toolTip="Dyeable Silver Bikini and Speeders Loot Box" string="Dyeable Silver Bikini and Speeders Loot Box" />
    <String id="244746" toolTip="Summer Now Swimwear Crate" string="Summer Now Swimwear Crate" />
    <String id="244747" toolTip="A loot box guaranteed to contain a semi-enigmatic scroll. May also contain a Uniform Box (Allemantheia Prep, Velika Vocational, or Kai Poly), emotes, alkahests, or other consumables.&#xA;[Smart boxes automatically generate an exact match to the character who opens it. Uniform Boxes will only work for female characters.]" string="School Bag Loot Box" />
    <String id="244748" toolTip="Guaranteed to contain a semi-enigmatic scroll. May also contain a dyeable Seren's Night School uniform." string="Seren's Night School Locker" />
    <String id="244749" toolTip="A loot box guaranteed to contain 300 Metamorphic Emblems. May also contain an elin Airy Aurora dress, dyad niveot structures, golden talents, more emblems, or other consumables." string="Airy Aurora Loot Box" />
    <String id="244750" toolTip="A loot box guaranteed to contain a semi-enigmatic scroll. May also contain a Cheer Squad Captain Smart Box, alkahests, or other consumables. [Costume boxes will only work for elins, human females, high elf females, and castanic females.]" string="Squad Captain Loot Box" />
    <String id="244751" toolTip="A loot box guaranteed to contain a semi-enigmatic scroll. May also contain a Drill Team Color Guard Smart Box, alkahests, or other consumables. [Costume boxes will only work for elins, human females, high elf females, and castanic females.]" string="Color Guard Loot Box" />
    <String id="244752" toolTip="This loot box is guaranteed to contain a blessed enigmatic scroll, and may also contain a Ladies' Track and Field Smart Box, a Prim and Proper Smart Box, a Study Hard Smart Box, a Prep School Smart Box, or Sinestral Studies Smart Box, or alkahests, spellbinds, or other consumables." string="Post-Grad Loot Box" />
    <String id="244753" toolTip="Event Reward" string="Level 10 Box" />
    <String id="244754" toolTip="Event Reward" string="Level 20 Box" />
    <String id="244755" toolTip="Event Reward" string="Level 30 Box" />
    <String id="244756" toolTip="Event Reward" string="Level 40 Box" />
    <String id="244757" toolTip="Event Reward" string="Level 45 Box" />
    <String id="244758" toolTip="Event Reward" string="Level 50 Box" />
    <String id="244759" toolTip="Event Reward" string="Level 55 Box" />
    <String id="244760" toolTip="Event Reward" string="Level 60 Box" />
    <String id="244761" toolTip="Event Reward" string="Level 65 Box" />
    <String id="244762" toolTip="&lt;String id=&quot;186704&quot; string=&quot;Striped Bikini Leisure Shorts Box&quot; toolTip=&quot;This smart box contains a Striped Bikini or Leisure Shorts swimsuit costume suitable for your race and gender. (Elin characters receive a Striped One-Piece costume.) [Smart boxes automatically generate the corresponding equipment for your character when you open them.]&quot; /&gt;" string="Striped Bikini Leisure Shorts Box" />
    <String id="244763" toolTip="&lt;String id=&quot;186702&quot; string=&quot;Butterfly Plunge Fitted Beach Wear Box&quot; toolTip=&quot;This smart box contains a Butterfly Plunge or Fitted Beach Wear swimsuit costume suitable for your race and gender. (Elin characters receive a Beach Cadet costume.) [Smart boxes automatically generate the corresponding equipment for your character when you open them.]&quot; /&gt;" string="Butterfly Plunge Fitted Beach Wear Box" />
    <String id="244764" toolTip="&lt;String id=&quot;186705&quot; string=&quot;Dyeable Striped Bikini Leisure Shorts Box&quot; toolTip=&quot;This smart box contains a dyeable Striped Bikini or Leisure Shorts swimsuit costume suitable for your race and gender. (Elin characters receive a dyeable Striped One-Piece costume.) [Smart boxes automatically generate the corresponding equipment for your character when you open them.]&quot; /&gt;" string="Dyeable Striped Bikini Leisure Shorts Box" />
    <String id="244765" toolTip="&lt;String id=&quot;186703&quot; string=&quot;Dyeable Peachstringer Fitted Beach Wear Box&quot; toolTip=&quot;This smart box contains a dyeable Peachstringer or Fitted Beach Wear swimsuit costume suitable for your race and gender. (Elin characters receive a dyeable Sailorsuit costume.) [Smart boxes automatically generate the corresponding equipment for your character when you open them.]&quot; /&gt;" string="Dyeable Peachstringer Fitted Beach Wear Box" />
    <String id="244766" toolTip="&lt;String id=&quot;186700&quot; string=&quot;Deep Blue Jammers Box&quot; toolTip=&quot;This smart box contains a Deep Blue V or Blue Jammers swimsuit costume suitable for your race and gender. (Elin characters receive a Blue Frill Bikini costume. Baraka and popori characters receive an Orange Life Vest costume.) [Smart boxes automatically generate the corresponding equipment for your character when you open them.]&quot; /&gt;" string="Deep Blue Jammers Box" />
    <String id="244767" toolTip="&lt;String id=&quot;186698&quot; string=&quot;Yellow Duckie Swimsuit Box&quot; toolTip=&quot;This smart box contains a yellow duckie swimsuit costume suitable for your race and gender. [Smart boxes automatically generate the corresponding equipment for your character when you open them.]&quot; /&gt;" string="Yellow Duckie Swimsuit Box" />
    <String id="244768" toolTip="&lt;String id=&quot;186699&quot; string=&quot;Dyeable Duckie Swimsuit Box&quot; toolTip=&quot;This smart box contains a dyeable duckie swimsuit costume suitable for your race and gender. (Elin characters receive a White-Stockings Maillot costume.) [Smart boxes automatically generate the corresponding equipment for your character when you open them.]&quot; /&gt;" string="Dyeable Duckie Swimsuit Box" />
    <String id="244769" toolTip="This smart box contains a Bleachwear or Fundoshi swimsuit costume suitable for your race and gender. (Note: This smart box is not usable by baraka or popori characters. Elin characters receive a Sailorsuit costume.)" string="Bleachwear and Fundoshi Smart Box" />
    <String id="244770" toolTip="This smart box contains a Bleachwear or Fundoshi swimsuit costume suitable for your race and gender. (Note: This smart box is not usable by baraka or popori characters. Elin characters receive a Sailorsuit costume.)" string="Bikini and Golden Speeders Smart Box" />
    <String id="244771" toolTip="&lt;String id=&quot;186707&quot; string=&quot;Dyeable Bleachstringer and Fundoshi Smart Box&quot; toolTip=&quot;This smart box contains a dyeable Bleachstringer or Fundoshi swimsuit costume suitable for your race and gender. (Note: This smart box is not usable by baraka or popori characters. Elin characters receive a dyeable Party Hostess costume.) [Smart boxes automatically generate the corresponding equipment for your character when you open them.]&quot; /&gt;" string="Dyeable Bleachstringer and Fundoshi Box" />
    <String id="244772" toolTip="&lt;String id=&quot;186709&quot; string=&quot;Dyeable Silver Bikini and Golden Speeders Swimsuit Smart Box&quot; toolTip=&quot;This smart box contains a dyeable Silver Bikini or Speeders swimsuit costume suitable for your race and gender. (Note: This smart box is not usable by baraka or popori characters. Elin characters receive a dyeable Black-Stockings Maillot costume.) [Smart boxes automatically generate the corresponding equipment for your character when you open them.]&quot; /&gt;" string="Dyeable Silver Bikini and Speeders Smart Box" />
    <String id="244773" toolTip="Dummy Smartbox" string="Dummy Smartbox" />
    <String id="244774" toolTip="Dummy Smartbox" string="Dummy Smartbox" />
    <String id="244775" toolTip="Dummy Smartbox" string="Dummy Smartbox" />
    <String id="244776" toolTip="Dummy Smartbox" string="Dummy Smartbox" />
    <String id="244777" toolTip="Dummy Smartbox" string="Dummy Smartbox" />
    <String id="244778" toolTip="Dummy Smartbox" string="Dummy Smartbox" />
    <String id="244779" toolTip="Dummy Smartbox" string="Dummy Smartbox" />
    <String id="244780" toolTip="Dummy Smartbox" string="Dummy Smartbox" />
    <String id="244781" toolTip="Dummy Smartbox" string="Dummy Smartbox" />
    <String id="244782" toolTip="This loot box is guaranteed to contain a semi-enigmatic scroll, and may also contain a personalized workout bag, spellbinds, or alkahests." string="Personalized Gym Uniform Loot Box" />
    <String id="244783" toolTip="This smart box contains a purple master plasma weapon skin suitable for your class. [Smart boxes automatically generate the corresponding equipment for your character when you open them.]" string="Purple Master Plasma Smart Box" />
    <String id="244784" toolTip="Surprise Gacha" string="Surprise Gacha51" />
    <String id="244785" toolTip="Surprise Gacha" string="Surprise Gacha52" />
    <String id="244786" toolTip="Surprise Gacha" string="Surprise Gacha53" />
    <String id="244787" toolTip="Surprise Gacha" string="Surprise Gacha54" />
    <String id="244788" toolTip="Surprise Gacha" string="Surprise Gacha55" />
    <String id="244789" toolTip="Surprise Gacha" string="Surprise Gacha56" />
    <String id="244790" toolTip="Surprise Gacha" string="Surprise Gacha57" />
    <String id="244791" toolTip="Surprise Gacha" string="Surprise Gacha58" />
    <String id="244792" toolTip="Surprise Gacha" string="Surprise Gacha59" />
    <String id="244793" toolTip="Surprise Gacha" string="Surprise Gacha60" />
    <String id="244794" toolTip="Surprise Gacha" string="Surprise Gacha61" />
    <String id="244795" toolTip="Surprise Gacha" string="Surprise Gacha62" />
    <String id="244796" toolTip="Surprise Gacha" string="Surprise Gacha63" />
    <String id="244797" toolTip="Surprise Gacha" string="Surprise Gacha64" />
    <String id="244798" toolTip="Surprise Gacha" string="Surprise Gacha65" />
    <String id="244799" toolTip="Surprise Gacha" string="Surprise Gacha66" />
    <String id="244800" toolTip="Surprise Gacha" string="Surprise Gacha67" />
    <String id="244801" toolTip="Surprise Gacha" string="Surprise Gacha68" />
    <String id="244802" toolTip="Surprise Gacha" string="Surprise Gacha69" />
    <String id="244803" toolTip="Surprise Gacha" string="Surprise Gacha70" />
    <String id="244804" toolTip="Surprise Gacha" string="Surprise Gacha71" />
    <String id="244805" toolTip="Surprise Gacha" string="Surprise Gacha72" />
    <String id="244806" toolTip="Surprise Gacha" string="Surprise Gacha73" />
    <String id="244807" toolTip="Surprise Gacha" string="Surprise Gacha74" />
    <String id="244808" toolTip="Surprise Gacha" string="Surprise Gacha75" />
    <String id="244809" toolTip="Surprise Gacha" string="Surprise Gacha76" />
    <String id="244810" toolTip="Surprise Gacha" string="Surprise Gacha77" />
    <String id="244811" toolTip="Surprise Gacha" string="Surprise Gacha78" />
    <String id="244812" toolTip="Surprise Gacha" string="Surprise Gacha79" />
    <String id="244813" toolTip="Surprise Gacha" string="Surprise Gacha80" />
    <String id="244814" toolTip="Surprise Smart Box" string="Surprise Smart Box51" />
    <String id="244815" toolTip="Surprise Smart Box" string="Surprise Smart Box52" />
    <String id="244816" toolTip="Surprise Smart Box" string="Surprise Smart Box53" />
    <String id="244817" toolTip="Surprise Smart Box" string="Surprise Smart Box54" />
    <String id="244818" toolTip="Surprise Smart Box" string="Surprise Smart Box55" />
    <String id="244819" toolTip="Surprise Smart Box" string="Surprise Smart Box56" />
    <String id="244820" toolTip="Surprise Smart Box" string="Surprise Smart Box57" />
    <String id="244821" toolTip="Surprise Smart Box" string="Surprise Smart Box58" />
    <String id="244822" toolTip="Surprise Smart Box" string="Surprise Smart Box59" />
    <String id="244823" toolTip="Surprise Smart Box" string="Surprise Smart Box60" />
    <String id="244824" toolTip="Surprise Smart Box" string="Surprise Smart Box61" />
    <String id="244825" toolTip="Surprise Smart Box" string="Surprise Smart Box62" />
    <String id="244826" toolTip="Surprise Smart Box" string="Surprise Smart Box63" />
    <String id="244827" toolTip="Surprise Smart Box" string="Surprise Smart Box64" />
    <String id="244828" toolTip="Surprise Smart Box" string="Surprise Smart Box65" />
    <String id="244829" toolTip="Surprise Smart Box" string="Surprise Smart Box66" />
    <String id="244830" toolTip="Surprise Smart Box" string="Surprise Smart Box67" />
    <String id="244831" toolTip="Surprise Smart Box" string="Surprise Smart Box68" />
    <String id="244832" toolTip="Surprise Smart Box" string="Surprise Smart Box69" />
    <String id="244833" toolTip="Surprise Smart Box" string="Surprise Smart Box70" />
    <String id="244834" toolTip="Surprise Smart Box" string="Surprise Smart Box71" />
    <String id="244835" toolTip="Surprise Smart Box" string="Surprise Smart Box72" />
    <String id="244836" toolTip="Surprise Smart Box" string="Surprise Smart Box73" />
    <String id="244837" toolTip="Surprise Smart Box" string="Surprise Smart Box74" />
    <String id="244838" toolTip="Surprise Smart Box" string="Surprise Smart Box75" />
    <String id="244839" toolTip="Surprise Smart Box" string="Surprise Smart Box76" />
    <String id="244840" toolTip="Surprise Smart Box" string="Surprise Smart Box77" />
    <String id="244841" toolTip="Surprise Smart Box" string="Surprise Smart Box78" />
    <String id="244842" toolTip="Surprise Smart Box" string="Surprise Smart Box79" />
    <String id="244843" toolTip="Surprise Smart Box" string="Surprise Smart Box80" />
    <String id="244844" toolTip="A loot box guaranteed to contain a semi-enigmatic scroll. May also contain a Night Mare mount, a Sleipnir mount, alkahests, master enigmatic scrolls, spellbinds, or health potions!" string="Fire and Ice Mount Loot Box" />
    <String id="244845" toolTip="A loot box guaranteed to contain a semi-enigmatic scroll. May also contain a Waddles pig mount, a Barnstorm flying pig mount that restores your HP and MP, alkahests, master enigmatic scrolls, spellbinds, or health potions!" string="Waddles and Barnstorm Loot Box" />
    <String id="244846" toolTip="A loot box guaranteed to contain a semi-enigmatic scroll. May also contain a Harry Porker pig mount, a Flitch flying pig mount that restores your HP and MP, alkahests, master enigmatic scrolls, spellbinds, or health potions!" string="Harry Porker and Flitch Loot Box" />
    <String id="244847" toolTip="A loot box guaranteed to contain a semi-enigmatic scroll. May also contain a Petunia pig mount, a Spamtasia flying pig mount that restores your HP and MP, alkahests, master enigmatic scrolls, spellbinds, or health potions!" string="Petunia and Spamtasia Loot Box" />
    <String id="244848" toolTip="A loot box guaranteed to contain a semi-enigmatic scroll. May also contain a Boss pig mount, a Cloudswallow flying pig mount that restores your HP and MP, alkahests, master enigmatic scrolls, spellbinds, or health potions!" string="Boss and Cloudswallow Loot Box" />
    <String id="244849" toolTip="A loot box guaranteed to contain a semi-enigmatic scroll. May also contain a Boss pig mount, a Airboss flying pig mount that restores your HP and MP, alkahests, master enigmatic scrolls, spellbinds, or health potions!" string="Harley and Major Swine Loot Box" />
    <String id="244850" toolTip="A loot box guaranteed to contain a semi-enigmatic scroll. May also contain a Blitzheart, Cinderheart, Slasheart, or Glimmerheart wolf mount that retores your HP and MP, alkahests, master enigmatic scrolls, spellbinds, or health potions!" string="Wolf Loot Box" />
    <String id="244851" toolTip="A loot box guaranteed to contain a semi-enigmatic scroll. May also contain a tiger mount, an armored tiger mount, alkahests, master enigmatic scrolls, spellbinds, or health potions!" string="Tiger Loot Box" />
    <String id="244852" toolTip="A loot box guaranteed to contain a semi-enigmatic scroll. May also contain a Lady Love pink wolf mount that restores your HP and MP, a Cherry Blossom flying pink wolf mount that restores your HP and MP, alkahests, master enigmatic scrolls, spellbinds, or health potions!" string="Ladylove and Cherry Blossom Loot Box" />
    <String id="244853" toolTip="A loot box guaranteed to contain a semi-enigmatic scroll. May also contain a Noble Moon dark wolf mount that restores your HP and MP, an Obsidian flying dark wolf mount that restores your HP and MP, alkahests, master enigmatic scrolls, spellbinds, or health potions!" string="Obsidian and Noble Moon Loot Box" />
    <String id="244854" toolTip="A loot box guaranteed to contain a semi-enigmatic scroll. May also contain a Snarlheart red wolf mount that restores your HP and MP, a Noble Timber green wolf mount that restores your HP and MP, a Thunderbolt flying ghost wolf mount that restores your HP and MP, alkahests, master enigmatic scrolls, spellbinds, or health potions!" string="Snarlheart, Noble Timber, and Thunderbolt  Loot Box" />
    <String id="244855" toolTip="A loot box guaranteed to contain a semi-enigmatic scroll. May also contain a Ni Hao  panda mount, a Mei Mei panda mount that restores your HP and MP, alkahests, master enigmatic scrolls, spellbinds, or health potions!" string="Ni Hao and Mei Mei Loot Box" />
    <String id="244856" toolTip="A loot box guaranteed to contain a semi-enigmatic scroll. May also contain an Ice polar bear mount, an Arctos polar bear mount that restores your HP and MP, alkahests, master enigmatic scrolls, spellbinds, or health potions!" string="Ice and Arctos Loot Box" />
    <String id="244857" toolTip="A loot box guaranteed to contain a semi-enigmatic scroll. May also contain a Noble Cutter, or Noble Buzzer beetle mount that restores your HP and MP, alkahests, master enigmatic scrolls, spellbinds, or health potions!" string="Beetle Loot Box" />
    <String id="244858" toolTip="A loot box guaranteed to contain a semi-enigmatic scroll. May also contain a Noble Salty or Noble Socks sushi-cat mount that restores your HP and MP, alkahests, master enigmatic scrolls, spellbinds, or health potions!" string="Sushi-Cat Loot Box" />
    <String id="244859" toolTip="A loot box guaranteed to contain a semi-enigmatic scroll. May also contain a Noble Shadowmare or Noble Crimsonmare horse mount that restores your HP and MP, alkahests, master enigmatic scrolls, spellbinds, or health potions!" string="Crimson and Shadow Loot Box" />
    <String id="244860" toolTip="A loot box guaranteed to contain a semi-enigmatic scroll. May also contain a Winterwing flying pegasus mount, an Eclipse flying pegasus mount, alkahests, master enigmatic scrolls, spellbinds, or health potions!" string="Pegasus Loot Box" />
    <String id="244861" toolTip="A loot box guaranteed to contain a semi-enigmatic scroll. May also contain an Argo flying lion mount, a Sirocco flying lion mount, alkahests, master enigmatic scrolls, spellbinds, or health potions!" string="Flying Lion Loot Box" />
    <String id="244862" toolTip="A loot box guaranteed to contain a semi-enigmatic scroll. May also contain a Hellwing flying lion mount, a Boreas flying lion mount, alkahests, master enigmatic scrolls, spellbinds, or health potions!" string="Fiery Flying Lion Loot Box" />
    <String id="244863" toolTip="A loot box guaranteed to contain a semi-enigmatic scroll. May also contain a Baby flying llama mount, a Powderpuff flying llama mount that restores your HP and MP, alkahests, master enigmatic scrolls, spellbinds, or health potions!" string="Baby and Powderpuff Loot Box" />
    <String id="244864" toolTip="A loot box guaranteed to contain a semi-enigmatic scroll. May also contain a Andy flying llama mount, a Drama flying llama mount that restores your HP and MP, alkahests, master enigmatic scrolls, spellbinds, or health potions!" string="Andy and Drama Loot Box" />
    <String id="244865" toolTip="A loot box guaranteed to contain a semi-enigmatic scroll. May also contain a Prue flying llama mount, a Bellbottom flying llama mount that restores your HP and MP, alkahests, master enigmatic scrolls, spellbinds, or health potions!" string="Prue and Bellbottom Loot Box" />
    <String id="244866" toolTip="A loot box guaranteed to contain a semi-enigmatic scroll. May also contain a Clive flying llama mount, a Sultan flying llama mount that restores your HP and MP, alkahests, master enigmatic scrolls, spellbinds, or health potions!" string="Clive and Sultan Loot Box" />
    <String id="244867" toolTip="A loot box guaranteed to contain a semi-enigmatic scroll. May also contain an Ironhide flying dragon mount that restores your HP and MP and has a Movement Speed of 290, a Royal Iron Dragon flying dragon mount that restores your HP and MP, has a Movement Speed of 290, increases the Movement Speed of nearby group members, and grants you the passive skill Draconis Rex, which grants a chance to double your Crit Power against monsters, alkahests, master enigmatic scrolls, spellbinds, or health potions!" string="Royal Iron Dragon Loot Box" />
    <String id="244868" toolTip="A loot box guaranteed to contain a semi-enigmatic scroll. May also contain a Crimsonhide flying dragon mount that restores your HP and MP and has a Movement Speed of 290, a Royal Crimson Dragon flying dragon mount that restores your HP and MP, has a Movement Speed of 290, increases the Movement Speed of nearby group members, and grants you the passive skill Draconis Rex, which grants a chance to double your Crit Power against monsters, alkahests, master enigmatic scrolls, spellbinds, or health potions!" string="Royal Crimson Dragon Loot Box" />
    <String id="244869" toolTip="A loot box guaranteed to contain a semi-enigmatic scroll. May also contain a Glitterclaw flying dragon mount that restores your HP and MP and has a Movement Speed of 290, a Royal Diamond Dragon flying dragon mount that restores your HP and MP, has a Movement Speed of 290, increases the Movement Speed of nearby group members, and grants you the passive skill Draconis Rex, which grants a chance to double your Crit Power against monsters, alkahests, master enigmatic scrolls, spellbinds, or health potions!" string="Royal Diamond Dragon Loot Box" />
    <String id="244870" toolTip="A loot box guaranteed to contain a semi-enigmatic scroll. May also contain an Dracoshade flying dragon mount that restores your HP and MP and has a Movement Speed of 290, a Royal Ghost Dragon flying dragon mount that restores your HP and MP, has a Movement Speed of 290, increases the Movement Speed of nearby group members, and grants you the passive skill Draconis Rex, which grants a chance to double your Crit Power against monsters, alkahests, master enigmatic scrolls, spellbinds, or health potions!" string="Royal Ghost Dragon Loot Box" />
    <String id="244871" toolTip="A loot box guaranteed to contain a semi-enigmatic scroll. May also contain an Ultraclaw flying dragon mount that restores your HP and MP and has a Movement Speed of 290, an Ultraclaw flying dragon mount that restores your HP and MP, has a Movement Speed of 290, increases the Movement Speed of nearby group members, and grants you the passive skill Draconis Rex, which grants a chance to double your Crit Power against monsters, alkahests, master enigmatic scrolls, spellbinds, or health potions!" string="Ultrafury Dragon Loot Box" />
    <String id="244872" toolTip="A loot box guaranteed to contain a semi-enigmatic scroll. May also contain a Nightclaw flying dragon mount that restores your HP and MP and has a Movement Speed of 290, a Nightfury flying dragon mount that restores your HP and MP, has a Movement Speed of 290, increases the Movement Speed of nearby group members, and grants you the passive skill Draconis Rex, which grants a chance to double your Crit Power against monsters, alkahests, master enigmatic scrolls, spellbinds, or health potions!" string="Nightfury Dragon Loot Box" />
    <String id="244873" toolTip="A loot box guaranteed to contain a semi-enigmatic scroll. May also contain a Boneclaw flying dragon mount that restores your HP and MP and has a Movement Speed of 290, a Bonefury flying dragon mount that restores your HP and MP, has a Movement Speed of 290, increases the Movement Speed of nearby group members, and grants you the passive skill Draconis Rex, which grants a chance to double your Crit Power against monsters, alkahests, master enigmatic scrolls, spellbinds, or health potions!" string="Bonefury Dragon Loot Box" />
    <String id="244874" toolTip="A loot box guaranteed to contain a semi-enigmatic scroll. May also contain an Astraclaw flying dragon mount that restores your HP and MP and has a Movement Speed of 290, an Astrafury flying dragon mount that restores your HP and MP, has a Movement Speed of 290, increases the Movement Speed of nearby group members, and grants you the passive skill Draconis Rex, which grants a chance to double your Crit Power against monsters, alkahests, master enigmatic scrolls, spellbinds, or health potions!" string="Astrafury Dragon Loot Box" />
    <String id="244875" toolTip="A loot box guaranteed to contain a semi-enigmatic scroll. May also contain an Ashclaw flying dragon mount that restores your HP and MP and has a Movement Speed of 290, an Ashfury flying dragon mount that restores your HP and MP, has a Movement Speed of 290, increases the Movement Speed of nearby group members, and grants you the passive skill Draconis Rex, which grants a chance to double your Crit Power against monsters, alkahests, master enigmatic scrolls, spellbinds, or health potions!" string="Ashfury Dragon Loot Box" />
    <String id="244876" toolTip="A loot box guaranteed to contain a semi-enigmatic scroll. May also contain a Mopsy flying bunny mount, an Angora flying bunny mount that restores your HP and MP, alkahests, master enigmatic scrolls, spellbinds, or health potions!" string="Mopsy and Angora Dragon Loot Box" />
    <String id="244877" toolTip="A loot box guaranteed to contain a semi-enigmatic scroll. May also contain a Flopsy flying bunny mount, a Lilac flying bunny mount that restores your HP and MP, alkahests, master enigmatic scrolls, spellbinds, or health potions!" string="Flopsy and Lilac Dragon Loot Box" />
    <String id="244878" toolTip="A loot box guaranteed to contain a semi-enigmatic scroll. May also contain a Caddy, Totes, or Cheeks pet each with 72-slots of portable storage, alkahests, master enigmatic scrolls, spellbinds, or health potions!" string="Bank Pet Loot Box" />
    <String id="244879" toolTip="A loot box guaranteed to contain a semi-enigmatic scroll. May also contain a Jetcycle or Skycyle flying mount that restores your HP and MP, alkahests, master enigmatic scrolls, spellbinds, or health potions!" string="Jetcycle and Skycycle Loot Box" />
    <String id="244880" toolTip="A loot box guaranteed to contain a semi-enigmatic scroll. May also contain Performance Pinkalicious Innerwear, alkahests, or spellbinds." string="Performance Inner Armor Box" />
    <String id="244881" toolTip="A loot box guaranteed to contain a semi-enigmatic scroll. May also contain Insulated Pinkalicious Innerwear, alkahests, or spellbinds." string="Insulated Inner Armor Box" />
    <String id="244882" toolTip="A loot box guaranteed to contain a semi-enigmatic scroll. May also contain Fortified Pinkalicious Innerwear, alkahests, or spellbinds." string="Fortified Inner Armor Box" />
    <String id="244883" toolTip="A loot box guaranteed to contain a semi-enigmatic scroll. May also contain Fitness Pinkalicious Innerwear, alkahests, or spellbinds." string="Fitness Inner Armor Box" />
    <String id="244884" toolTip="A loot box guaranteed to contain a semi-enigmatic scroll. May also contain Empowered Pinkalicious Innerwear, alkahests, or spellbinds." string="Empowered Inner Armor Box" />
    <String id="244885" toolTip="A loot box guaranteed to contain five federation bills. May also contain a special rare housekeeper uniform for an elin, alkahest, or other useful loot." string="Elin Housemaid Loot Box" />
    <String id="244886" toolTip="A loot box guaranteed to contain a semi-enigmatic scroll. May contain a Black Cat Club costume for an elin." string="Black Box" />
    <String id="244887" toolTip="A loot box guaranteed to contain a semi-enigmatic scroll. May contain a Kitty Cat Club costume for an elin." string="Kitty Box" />
    <String id="244888" toolTip="A loot box guaranteed to contain a semi-enigmatic scroll, and may also contain Felicity, the lucky cat with auto-gather, emotes, and Pet Pocket storage." string="Lucky Cat Carrier" />
    <String id="244889" toolTip="A loot box guaranteed to contain a semi-enigmatic scroll. May also contain a Crimsonheart or Aurumheart dragon mount that retores your HP and MP, alkahests, master enigmatic scrolls, spellbinds, or health potions!" string="Aurumheart and Crimsonheart Loot Box" />
    <String id="244890" toolTip="Box full of surprises" string="Surprise Loot Box 81" />
    <String id="244891" toolTip="Box full of surprises" string="Surprise Loot Box 82" />
    <String id="244892" toolTip="Box full of surprises" string="Surprise Loot Box 83" />
    <String id="244893" toolTip="Box full of surprises" string="Surprise Loot Box 84" />
    <String id="244894" toolTip="Box full of surprises" string="Surprise Loot Box 85" />
    <String id="244895" toolTip="Box full of surprises" string="Surprise Loot Box 86" />
    <String id="244896" toolTip="Box full of surprises" string="Surprise Loot Box 87" />
    <String id="244897" toolTip="Box full of surprises" string="Surprise Loot Box 88" />
    <String id="244898" toolTip="Box full of surprises" string="Surprise Loot Box 89" />
    <String id="244899" toolTip="Box full of surprises" string="Surprise Loot Box 90" />
    <String id="244900" toolTip="Box full of surprises" string="Surprise Loot Box 91" />
    <String id="244901" toolTip="Box full of surprises" string="Surprise Loot Box 92" />
    <String id="244902" toolTip="Box full of surprises" string="Surprise Loot Box 93" />
    <String id="244903" toolTip="Box full of surprises" string="Surprise Loot Box 94" />
    <String id="244904" toolTip="Box full of surprises" string="Surprise Loot Box 95" />
    <String id="244905" toolTip="Box full of surprises" string="Surprise Loot Box 96" />
    <String id="244906" toolTip="Box full of surprises" string="Surprise Loot Box 97" />
    <String id="244907" toolTip="Box full of surprises" string="Surprise Loot Box 98" />
    <String id="244908" toolTip="Box full of surprises" string="Surprise Loot Box 99" />
    <String id="244909" toolTip="Box full of surprises" string="Surprise Loot Box 101" />
    <String id="244910" toolTip="Box full of surprises" string="Surprise Loot Box 102" />
    <String id="244911" toolTip="Box full of surprises" string="Surprise Loot Box 103" />
    <String id="244912" toolTip="Box full of surprises" string="Surprise Loot Box 104" />
    <String id="244913" toolTip="Box full of surprises" string="Surprise Loot Box 105" />
    <String id="244914" toolTip="Box full of surprises" string="Surprise Loot Box 106" />
    <String id="244915" toolTip="Box full of surprises" string="Surprise Loot Box 107" />
    <String id="244916" toolTip="Box full of surprises" string="Surprise Loot Box 108" />
    <String id="244917" toolTip="Box full of surprises" string="Surprise Loot Box 109" />
    <String id="244918" toolTip="Box full of surprises" string="Surprise Loot Box 110" />
    <String id="244919" toolTip="Box full of surprises" string="Surprise Loot Box 111" />
    <String id="244920" toolTip="Box full of surprises" string="Surprise Loot Box 112" />
    <String id="244921" toolTip="Box full of surprises" string="Surprise Loot Box 113" />
    <String id="244922" toolTip="Box full of surprises" string="Surprise Loot Box 114" />
    <String id="244923" toolTip="Box full of surprises" string="Surprise Loot Box 115" />
    <String id="244924" toolTip="Box full of surprises" string="Surprise Loot Box 116" />
    <String id="244925" toolTip="Box full of surprises" string="Surprise Loot Box 117" />
    <String id="244926" toolTip="Box full of surprises" string="Surprise Loot Box 118" />
    <String id="244927" toolTip="Box full of surprises" string="Surprise Loot Box 119" />
    <String id="244928" toolTip="Box full of surprises" string="Surprise Loot Box 121" />
    <String id="244929" toolTip="Box full of surprises" string="Surprise Loot Box 122" />
    <String id="244930" toolTip="Box full of surprises" string="Surprise Loot Box 123" />
    <String id="244931" toolTip="Box full of surprises" string="Surprise Loot Box 124" />
    <String id="244932" toolTip="Box full of surprises" string="Surprise Loot Box 125" />
    <String id="244933" toolTip="Box full of surprises" string="Surprise Loot Box 126" />
    <String id="244934" toolTip="Box full of surprises" string="Surprise Loot Box 127" />
    <String id="244935" toolTip="Box full of surprises" string="Surprise Loot Box 128" />
    <String id="244936" toolTip="Box full of surprises" string="Surprise Loot Box 129" />
    <String id="244937" toolTip="Box full of surprises" string="Surprise Loot Box 130" />
    <String id="244938" toolTip="Box full of surprises" string="Surprise Loot Box 131" />
    <String id="244939" toolTip="Box full of surprises" string="Surprise Loot Box 132" />
    <String id="244940" toolTip="Box full of surprises" string="Surprise Loot Box 133" />
    <String id="244941" toolTip="Box full of surprises" string="Surprise Loot Box 134" />
    <String id="244942" toolTip="Box full of surprises" string="Surprise Loot Box 135" />
    <String id="244943" toolTip="Box full of surprises" string="Surprise Loot Box 136" />
    <String id="244944" toolTip="Box full of surprises" string="Surprise Loot Box 137" />
    <String id="244945" toolTip="Box full of surprises" string="Surprise Loot Box 138" />
    <String id="244946" toolTip="Box full of surprises" string="Surprise Loot Box 139" />
    <String id="244947" toolTip="Box full of surprises" string="Surprise Box 81" />
    <String id="244948" toolTip="Box full of surprises" string="Surprise Box 82" />
    <String id="244949" toolTip="Box full of surprises" string="Surprise Box 83" />
    <String id="244950" toolTip="Box full of surprises" string="Surprise Box 84" />
    <String id="244951" toolTip="Box full of surprises" string="Surprise Box 85" />
    <String id="244952" toolTip="Box full of surprises" string="Surprise Box 86" />
    <String id="244953" toolTip="Box full of surprises" string="Surprise Box 87" />
    <String id="244954" toolTip="Box full of surprises" string="Surprise Box 88" />
    <String id="244955" toolTip="Box full of surprises" string="Surprise Box 89" />
    <String id="244956" toolTip="Box full of surprises" string="Surprise Box 90" />
    <String id="244957" toolTip="Box full of surprises" string="Surprise Box 91" />
    <String id="244958" toolTip="Box full of surprises" string="Surprise Box 92" />
    <String id="244959" toolTip="Box full of surprises" string="Surprise Box 93" />
    <String id="244960" toolTip="Box full of surprises" string="Surprise Box 94" />
    <String id="244961" toolTip="Box full of surprises" string="Surprise Box 95" />
    <String id="244962" toolTip="Box full of surprises" string="Surprise Box 96" />
    <String id="244963" toolTip="Box full of surprises" string="Surprise Box 97" />
    <String id="244964" toolTip="Box full of surprises" string="Surprise Box 98" />
    <String id="244965" toolTip="Box full of surprises" string="Surprise Box 99" />
    <String id="244966" toolTip="Box full of surprises" string="Surprise Box 101" />
    <String id="244967" toolTip="Box full of surprises" string="Surprise Box 102" />
    <String id="244968" toolTip="Box full of surprises" string="Surprise Box 103" />
    <String id="244969" toolTip="Box full of surprises" string="Surprise Box 104" />
    <String id="244970" toolTip="Box full of surprises" string="Surprise Box 105" />
    <String id="244971" toolTip="Box full of surprises" string="Surprise Box 106" />
    <String id="244972" toolTip="Box full of surprises" string="Surprise Box 107" />
    <String id="244973" toolTip="Box full of surprises" string="Surprise Box 108" />
    <String id="244974" toolTip="Box full of surprises" string="Surprise Box 109" />
    <String id="244975" toolTip="Box full of surprises" string="Surprise Box 110" />
    <String id="244976" toolTip="Box full of surprises" string="Surprise Box 111" />
    <String id="244977" toolTip="Box full of surprises" string="Surprise Box 112" />
    <String id="244978" toolTip="Box full of surprises" string="Surprise Box 113" />
    <String id="244979" toolTip="Box full of surprises" string="Surprise Box 114" />
    <String id="244980" toolTip="Box full of surprises" string="Surprise Box 115" />
    <String id="244981" toolTip="Box full of surprises" string="Surprise Box 116" />
    <String id="244982" toolTip="Box full of surprises" string="Surprise Box 117" />
    <String id="244983" toolTip="Box full of surprises" string="Surprise Box 118" />
    <String id="244984" toolTip="Box full of surprises" string="Surprise Box 119" />
    <String id="244985" toolTip="Box full of surprises" string="Surprise Box 121" />
    <String id="244986" toolTip="Box full of surprises" string="Surprise Box 122" />
    <String id="244987" toolTip="Box full of surprises" string="Surprise Box 123" />
    <String id="244988" toolTip="Box full of surprises" string="Surprise Box 124" />
    <String id="244989" toolTip="Box full of surprises" string="Surprise Box 125" />
    <String id="244990" toolTip="Box full of surprises" string="Surprise Box 126" />
    <String id="244991" toolTip="Box full of surprises" string="Surprise Box 127" />
    <String id="244992" toolTip="Box full of surprises" string="Surprise Box 128" />
    <String id="244993" toolTip="Box full of surprises" string="Surprise Box 129" />
    <String id="244994" toolTip="Box full of surprises" string="Surprise Box 130" />
    <String id="244995" toolTip="Box full of surprises" string="Surprise Box 131" />
    <String id="244996" toolTip="Box full of surprises" string="Surprise Box 132" />
    <String id="244997" toolTip="Box full of surprises" string="Surprise Box 133" />
    <String id="244998" toolTip="Box full of surprises" string="Surprise Box 134" />
    <String id="244999" toolTip="Box full of surprises" string="Surprise Box 135" />
    <String id="245000" toolTip="Box full of surprises" string="Surprise Box 136" />
    <String id="245001" toolTip="Box full of surprises" string="Surprise Box 137" />
    <String id="245002" toolTip="Box full of surprises" string="Surprise Box 138" />
    <String id="245003" toolTip="Box full of surprises" string="Surprise Box 139" />
    <String id="245004" toolTip="Box full of surprises" string="Surprise Box 141" />
    <String id="245005" toolTip="Box full of surprises" string="Surprise Box 142" />
    <String id="245006" toolTip="Box full of surprises" string="Surprise Box 143" />
    <String id="245007" toolTip="Box full of surprises" string="Surprise Box 144" />
    <String id="245008" toolTip="Box full of surprises" string="Surprise Box 145" />
    <String id="245009" toolTip="Box full of surprises" string="Surprise Box 146" />
    <String id="245010" toolTip="Box full of surprises" string="Surprise Box 147" />
    <String id="245011" toolTip="Box full of surprises" string="Surprise Box 148" />
    <String id="245012" toolTip="Box full of surprises" string="Surprise Box 149" />
    <String id="245013" toolTip="Box full of surprises" string="Surprise Box 150" />
    <String id="245014" toolTip="Box full of surprises" string="Surprise Box 151" />
    <String id="245015" toolTip="Box full of surprises" string="Surprise Box 152" />
    <String id="245016" toolTip="Box full of surprises" string="Surprise Box 153" />
    <String id="245017" toolTip="Box full of surprises" string="Surprise Box 154" />
    <String id="245018" toolTip="Box full of surprises" string="Surprise Box 155" />
    <String id="245019" toolTip="Box full of surprises" string="Surprise Box 156" />
    <String id="245020" toolTip="Box full of surprises" string="Surprise Box 157" />
    <String id="245021" toolTip="Box full of surprises" string="Surprise Box 158" />
    <String id="245022" toolTip="Box full of surprises" string="Surprise Box 159" />
    <String id="245023" toolTip="Box full of surprises" string="Surprise Box 161" />
    <String id="245024" toolTip="Box full of surprises" string="Surprise Box 162" />
    <String id="245025" toolTip="Box full of surprises" string="Surprise Box 163" />
    <String id="245026" toolTip="Box full of surprises" string="Surprise Box 164" />
    <String id="245027" toolTip="Box full of surprises" string="Surprise Box 165" />
    <String id="245028" toolTip="Box full of surprises" string="Surprise Box 166" />
    <String id="245029" toolTip="Box full of surprises" string="Surprise Box 167" />
    <String id="245030" toolTip="Box full of surprises" string="Surprise Box 168" />
    <String id="245031" toolTip="Box full of surprises" string="Surprise Box 169" />
    <String id="245032" toolTip="Box full of surprises" string="Surprise Box 170" />
    <String id="245033" toolTip="Box full of surprises" string="Surprise Box 171" />
    <String id="245034" toolTip="Box full of surprises" string="Surprise Box 172" />
    <String id="245035" toolTip="Box full of surprises" string="Surprise Box 173" />
    <String id="245036" toolTip="Box full of surprises" string="Surprise Box 174" />
    <String id="245037" toolTip="Box full of surprises" string="Surprise Box 175" />
    <String id="245038" toolTip="Box full of surprises" string="Surprise Box 176" />
    <String id="245039" toolTip="Box full of surprises" string="Surprise Box 177" />
    <String id="245040" toolTip="Box full of surprises" string="Surprise Box 178" />
    <String id="245041" toolTip="Box full of surprises" string="Surprise Box 179" />
    <String id="245042" toolTip="Box full of surprises" string="Surprise Box 181" />
    <String id="245043" toolTip="Box full of surprises" string="Surprise Box 182" />
    <String id="245044" toolTip="Box full of surprises" string="Surprise Box 183" />
    <String id="245045" toolTip="Box full of surprises" string="Surprise Box 184" />
    <String id="245046" toolTip="Box full of surprises" string="Surprise Box 185" />
    <String id="245047" toolTip="Box full of surprises" string="Surprise Box 186" />
    <String id="245048" toolTip="Box full of surprises" string="Surprise Box 187" />
    <String id="245049" toolTip="Box full of surprises" string="Surprise Box 188" />
    <String id="245050" toolTip="Box full of surprises" string="Surprise Box 189" />
    <String id="245051" toolTip="Box full of surprises" string="Surprise Box 190" />
    <String id="245052" toolTip="Box full of surprises" string="Surprise Box 191" />
    <String id="245053" toolTip="Box full of surprises" string="Surprise Box 192" />
    <String id="245054" toolTip="Box full of surprises" string="Surprise Box 193" />
    <String id="245055" toolTip="Box full of surprises" string="Surprise Box 194" />
    <String id="245056" toolTip="Box full of surprises" string="Surprise Box 195" />
    <String id="245057" toolTip="Box full of surprises" string="Surprise Box 196" />
    <String id="245058" toolTip="Box full of surprises" string="Surprise Box 197" />
    <String id="245059" toolTip="Box full of surprises" string="Surprise Box 198" />
    <String id="245060" toolTip="Box full of surprises" string="Surprise Box 199" />
    <String id="245061" toolTip="This bundle contains a PUBG Combat Casual costume, suitable for your race and gender, as well as a PUBG Pan back-slot accessory.&lt;BR&gt;[Smart boxes automatically generate the corresponding equipment for your character when you open them.]&lt;BR&gt;&lt;BR&gt;ⓒ2019 PUBG CORPORATION. ALL RIGHTS RESERVED." string="PUBG Combat Casualwear" />
    <String id="245062" toolTip="This deluxe bundle contains a PUBG Weekend Warrior costume, suitable for your race and gender, as well as a PUBG Pan back-slot accessory, Ricochet Racer footsteps, and a Chicken-Dinner Cheeks pet (auto-loot and auto-gold-loot)!&lt;BR&gt;[Smart boxes automatically generate the corresponding equipment for your character when you open them.]&lt;BR&gt;&lt;BR&gt;ⓒ2019 PUBG CORPORATION. ALL RIGHTS RESERVED." string="PUBG Weekend Warfare" />
    <String id="245063" toolTip="This smart box contains a PUBG Citizen Soldier costume suitable for your race and gender. [Smart boxes automatically generate the corresponding equipment for your character when you open them.]&lt;BR&gt;&lt;BR&gt;ⓒ2019 PUBG CORPORATION. ALL RIGHTS RESERVED." string="PUBG Citizen Soldier" />
    <String id="245064" toolTip="This smart box contains a PUBG Citizen Soldier 7-day costume suitable for your race and gender. [Smart boxes automatically generate the corresponding equipment for your character when you open them.]&lt;BR&gt;&lt;BR&gt;ⓒ2019 PUBG CORPORATION. ALL RIGHTS RESERVED." string="PUBG Comrades-in-Arms (7-Day)" />
    <String id="245065" toolTip="This loot box is guaranteed to contain 400 Metamorphic Emblems, and may also contain a PUBG Citizen Soldier suitable for your race and gender, PUBG Hard Charger footsteps, dyad niveot structures, Golden or Silver Talents, Superior Noctenium Elixirs, Health Potions, Crafter's Cures, or more Metamorphic Emblems.&lt;BR&gt;&lt;BR&gt;ⓒ2019 PUBG CORPORATION. ALL RIGHTS RESERVED." string="PUBG Airdrop Box" />
    <String id="245066" toolTip="This loot box is guaranteed to contain 400 Metamorphic Emblems, and may also contain a Spetznaz Cheeks (PUBG) pet, dyad niveot structures, Golden or Silver Talents, Superior Noctenium Elixirs, Health Potions, Crafter's Cures, or more Metamorphic Emblems.&lt;BR&gt;&lt;BR&gt;ⓒ2019 PUBG CORPORATION. ALL RIGHTS RESERVED." string="PUBG Care Package" />
    <String id="245067" toolTip="This smart box contains a PUBG Comrades-in-Arms (7-Day) smart box (a Citizen Soldier costume suitable for your race and gender), PUBG Hard Charger (7-Day) footsteps, and a PUBG Pan (7-Day) back-slot accessory.&lt;BR&gt;[Smart boxes automatically generate the corresponding equipment for your character when you open them.]&lt;BR&gt;&lt;BR&gt;ⓒ2019 PUBG CORPORATION. ALL RIGHTS RESERVED." string="PUBG Flare Drop Box" />
    <String id="245068" toolTip="New Season Dragon Mount Loot Box 2 (Blue)" string="New Season Dragon Mount Loot Box 2 (Blue)" />
    <String id="245069" toolTip="New Season Dragon Mount Loot Box 1 (Red)" string="New Season Dragon Mount Loot Box 1 (Red)" />
    <String id="245070" toolTip="School Uniform (Common) 2019 Costume Box" string="School Uniform (Common) 2019 Costume Box" />
    <String id="245071" toolTip="School Uniform (Rare) 2019 (7-day) Costume Box" string="School Uniform (Rare) 2019 (7-day) Costume Box" />
    <String id="245072" toolTip="School Uniform (Rare) 2019 Costume Box" string="School Uniform (Rare) 2019 Costume Box" />
    <String id="245073" toolTip="School Uniform (Common) 2019 (7-day) Costume Box" string="School Uniform (Common) 2019 (7-day) Costume Box" />
    <String id="245074" toolTip="School Uniform (Common) 2019 Costume Box" string="School Uniform (Common) 2019 Costume Box" />
    <String id="245075" toolTip="School Uniform (Rare) 2019 (7-day) Costume Box" string="School Uniform (Rare) 2019 (7-day) Costume Box" />
    <String id="245076" toolTip="School Uniform (Rare) 2019 Costume Box" string="School Uniform (Rare) 2019 Costume Box" />
    <String id="245077" toolTip="School Uniform (Common) 2019 (7-day) Costume Box" string="School Uniform (Common) 2019 (7-day) Costume Box" />
    <String id="245078" toolTip="School Uniform (Rare) 2019 Loot Box" string="School Uniform (Rare) 2019 Loot Box" />
    <String id="245079" toolTip="Hanbok A (Blue) Costume Smart Box" string="Hanbok A (Blue) Costume Smart Box" />
    <String id="245080" toolTip="Hanbok A (Blue) (7-Day) Costume Smart Box" string="Hanbok A (Blue) (7-Day) Costume Smart Box" />
    <String id="245081" toolTip="Hanbok B (Green) Costume Smart Box" string="Hanbok B (Green) Costume Smart Box" />
    <String id="245082" toolTip="Hanbok B (Green) (7-Day) Costume Smart Box" string="Hanbok B (Green) (7-Day) Costume Smart Box" />
    <String id="245083" toolTip="Hanbok C (Purple) Costume Smart Box" string="Hanbok C (Purple) Costume Smart Box" />
    <String id="245084" toolTip="Hanbok C (Purple) (7-Day) Costume Smart Box" string="Hanbok C (Purple) (7-Day) Costume Smart Box" />
    <String id="245085" toolTip="Hanbok Dyeable Costume Smart Box" string="Hanbok Dyeable Costume Smart Box" />
    <String id="245086" toolTip="Hanbok Dyeable (7-Day) Costume Smart Box" string="Hanbok Dyeable (7-Day) Costume Smart Box" />
    <String id="245087" toolTip="Hanbok Dyeable Costume Loot Box" string="Hanbok Dyeable Costume Loot Box" />
    <String id="245088" toolTip="Cherry Footsteps A or B (250EMP)" string="Cherry Footsteps Loot Box (250EMP)" />
    <String id="245089" toolTip="Hatless Hatter Costume (3-day) Smart Box (Female Only)" string="Hatless Hatter Costume (3-day) Smart Box" />
    <String id="245090" toolTip="Alice Dress Costume Smart Box (Female Only)" string="Alice Dress Costume Smart Box" />
    <String id="245091" toolTip="Alice Dress Costume (3-day) Smart Box (Female Only)" string="Alice Dress Costume (3-day) Smart Box" />
    <String id="245092" toolTip="Alice Dress Dyeable Costume Smart Box (Female Only)" string="Alice Dress Dyeable Costume Smart Box" />
    <String id="245093" toolTip="Alice Dress Dyeable Costume (3-day) Smart Box (Female Only)" string="Alice Dress Dyeable Costume (3-day) Smart Box" />
    <String id="245094" toolTip="Alice Dress Loot Box (Female Only) (495EMP)" string="Alice Dress Loot Box (495EMP)" />
    <String id="245095" toolTip="Koinobori Red, Blue, Black, and All Loot Box. (250EMP)." string="Koinobori Rainbow School Loot Box (250EMP)" />
    <String id="245096" toolTip="Kkultteok Loot Box" string="Kkultteok Loot Box" />
    <String id="245097" toolTip="Snowy Penguin Loot Box" string="Snowy Penguin Loot Box" />
    <String id="245098" toolTip="Winter Penguin Loot Box" string="Winter Penguin Loot Box" />
    <String id="245099" toolTip="Personal Maid Uniform 2019 Common Personal Smart Box (Non-Tradeable)" string="Personal Maid Uniform 2019 Common Personal Smart Box (Non-Tradeable)" />
    <String id="245100" toolTip="Maid Uniform 2019 Common Smart Box (Tradeable)" string="Maid Uniform 2019 Common Smart Box (Tradeable)" />
    <String id="245101" toolTip="Maid Uniform 2019 Common Smart Box (7-day)" string="Maid Uniform 2019 Common Smart Box (7-day)" />
    <String id="245102" toolTip="Maid Uniform 2019 Dyeable Smart Box" string="Maid Uniform 2019 Dyeable Smart Box" />
    <String id="245103" toolTip="Maid Uniform 2019 Dyeable Smart Box (7-day)" string="Maid Uniform 2019 Dyeable Smart Box (7-day)" />
    <String id="245104" toolTip="Maid Uniform 2019 Rare01 Personal Smart Box (Non-Tradeable)" string="Maid Uniform 2019 Rare01 Personal Smart Box (Non-Tradeable)" />
    <String id="245105" toolTip="Maid Uniform 2019 Rare01 Smart Box (Tradeable)" string="Maid Uniform 2019 Rare01 Smart Box (Tradeable)" />
    <String id="245106" toolTip="Maid Uniform 2019 Rare01 Smart Box (7-day)" string="Maid Uniform 2019 Rare01 Smart Box (7-day)" />
    <String id="245107" toolTip="Maid Uniform 2019 Rare02 Smart Box" string="Maid Uniform 2019 Rare02 Smart Box" />
    <String id="245108" toolTip="Maid Uniform 2019 Rare02 Smart Box (7-day)" string="Maid Uniform 2019 Rare02 Smart Box (7-day)" />
    <String id="245109" toolTip="Maid Uniform 2019 Dyeable plus Accessories (250MP)" string="Maid Uniform 2019 Dyeable Loot Box" />
    <String id="245110" toolTip="Maid Uniform 2019 Dyeable with Accessories Fixed Box (7-day)" string="Maid Uniform 2019 Dyeable with Accessories Fixed Box (7-day)" />
    <String id="245111" toolTip="2019 Swimwear (Rare) Smart Box" string="2019 Swimwear (Rare) Smart Box" />
    <String id="245112" toolTip="2019 Swimwear (Normal) Smart Box" string="2019 Swimwear (Normal) Smart Box" />
    <String id="245113" toolTip="2019 Swimwear Social Emote Smart Box" string="2019 Swimwear Social Emote Smart Box" />
    <String id="245114" toolTip="2019 Swimwear (Dyeable) Smart Box" string="2019 Swimwear (Dyeable) Smart Box" />
    <String id="245115" toolTip="Flagtastic Smart Box" string="Flagtastic Smart Box" />
    <String id="245116" toolTip="2019 Swimwear Loot Box (295EMP)" string="2019 Swimwear Loot Box (295EMP)" />
    <String id="245117" toolTip="Golden Dragon Weapon Skin Smart Box" string="Golden Dragon Weapon Skin Smart Box" />
    <String id="245118" toolTip="Golden Dragon Costume Smart Box" string="Golden Dragon Costume Smart Box" />
    <String id="245119" toolTip="Golden Bunny Loot Box (150EMP)" string="Golden Bunny Loot Box (150EMP)" />
    <String id="245120" toolTip="Golden Dragon Loot Box (250EMP)" string="Golden Dragon Loot Box (250EMP)" />
    <String id="245121" toolTip="Golden Dragon Weapon Skin Loot Box (150EMP)" string="Golden Dragon Weapon Skin Loot Box (150EMP)" />
    <String id="245122" toolTip="Golden Dragon Costume Loot Box (150EMP)" string="Golden Dragon Costume Loot Box (150EMP)" />
    <String id="245123" toolTip="" string="" />
    <String id="245124" toolTip="" string="" />
    <String id="245125" toolTip="" string="" />
    <String id="245126" toolTip="A loot box containing between 100 and 1200 Adventure Coins." string="Adventurous Federation Crate" />
    <String id="245127" toolTip="Yukata Common Costume Smart Box" string="Yukata Common Costume Smart Box" />
    <String id="245128" toolTip="Yukata Common Costume Smart Box (7-day)" string="Yukata Common Costume Smart Box (7-day)" />
    <String id="245129" toolTip="Yukata Dyeable Costume Smart Box" string="Yukata Dyeable Costume Smart Box" />
    <String id="245130" toolTip="Yukata Rare Costume Smart Box (7-day)" string="Yukata Rare Costume Smart Box (7-day)" />
    <String id="245131" toolTip="Yukata Rare Costume Smart Box" string="Yukata Rare Costume Smart Box" />
    <String id="245132" toolTip="Yukata Dyeable Costume Smart Box (7-day)" string="Yukata Dyeable Costume Smart Box (7-day)" />
    <String id="245133" toolTip="Yukata Dyeable Costume Loot Box (195EMP)" string="Yukata Dyeable Costume Loot Box (195EMP)" />
    <String id="245134" toolTip="Partner Costume Bundle Box" string="Partner Costume Bundle Box" />
    <String id="245135" toolTip="2019 Innerwear - Defense (250 EMP)" string="2019 Innerwear - Defense (250 EMP)" />
    <String id="245136" toolTip="2019 Innerwear - Crit (250 EMP)" string="2019 Innerwear - Crit (250 EMP)" />
    <String id="245137" toolTip="2019 Innerwear - AMP (250 EMP)" string="2019 Innerwear - AMP (250 EMP)" />
    <String id="245138" toolTip="Autumn Dancer Dyeable Smart Box" string="Autumn Dancer Dyeable Smart Box" />
    <String id="245139" toolTip="Autumn Dancer Rare Transparent Personal Smart Box (no-trade for event)" string="Autumn Dancer Rare Transparent Personal Smart Box" />
    <String id="245140" toolTip="Autumn Dancer Rare Transparent Smart Box" string="Autumn Dancer Rare Transparent Smart Box" />
    <String id="245141" toolTip="Autumn Dancer Common Purple Smart Box" string="Autumn Dancer Common Purple Smart Box" />
    <String id="245142" toolTip="Autumn Footsteps A or B (250EMP)" string="Autumn Footsteps Loot Box (250EMP)" />
    <String id="245143" toolTip="This loot box is guaranteed to contain 300 Metamorphic Emblems. May also contain a Fall Partner, pet, or other companion system consumables." string="Fall 2019 Companion Loot Box" />
    <String id="245144" toolTip="Autumn Dancer Loot Box (295 EMP)" string="Autumn Dancer Loot Box (295 EMP)" />
    <String id="245145" toolTip="Midnight Blue Hanbok Costume Smart Box" string="Midnight Blue Hanbok Costume Smart Box" />
    <String id="245146" toolTip="Dyeable Spring Hanbok Loot Box (250 EMP)" string="Dyeable Spring Hanbok Loot Box (250 EMP)" />
    <String id="245147" toolTip="Loot Box that may contain the Rare Halloween 2019 Mount, Halloween 2019 Pet, Pet: Boo, Pet: Miss Katonic, Pet: Zero, Pet: Bonzai, Pet: Addams." string="Halloween Critter Crate (250 EMP)" />
    <String id="245148" toolTip="Common Halloween 2019 Costume" string="Common Halloween 2019 Costume" />
    <String id="245149" toolTip="Dyeable Halloween 2019 Costume" string="Dyeable Halloween 2019 Costume" />
    <String id="245150" toolTip="Rare Halloween 2019 Costume" string="Rare Halloween 2019 Costume" />
    <String id="245151" toolTip="Dyeable Halloween Costume Loot Box (250 EMP)" string="Dyeable Halloween Costume Loot Box (250 EMP)" />
    <String id="245152" toolTip="Elemental Neon Dark Mint Weapon Skin Smart Box" string="Elemental Neon Dark Mint Weapon Skin Smart Box" />
    <String id="245153" toolTip="Elemental Neon Violet Weapon Skin Smart Box" string="Elemental Neon Violet Weapon Skin Smart Box" />
    <String id="245154" toolTip="Elemental Neon Dark Mint Weapon Skin Smart Box (Personal No-Trade)" string="Elemental Neon Dark Mint Weapon Skin Smart Box (Personal No-Trade)" />
    <String id="245155" toolTip="Elemental Neon Violet Weapon Skin Smart Box (Personal No-Trade)" string="Elemental Neon Violet Weapon Skin Smart Box (Personal No-Trade)" />
    <String id="245156" toolTip="Elemental Neon Violet Weapon Skin Loot Box (250 EMP)" string="Elemental Neon Violet Weapon Skin Loot Box (250 EMP)" />
    <String id="245157" toolTip="Elemental Neon Dark Mint Weapon Skin Loot Box (250 EMP)" string="Elemental Neon Dark Mint Weapon Skin Loot Box (250 EMP)" />
    <String id="245158" toolTip="Black Pink Unicorn Loot Box (195 EMP). May contain the Common or Rare version of the Black Pink Unicorn Mount." string="Black Pink Unicorn Loot Box (195 EMP)" />
    <String id="245159" toolTip="Contains both of the Series 2 Partner Costumes" string="Partner Costume Bundle Box (Series 2)" />
    <String id="245160" toolTip="" string="" />
    <String id="245161" toolTip="" string="" />
    <String id="245162" toolTip="" string="" />
    <String id="245163" toolTip="" string="" />
    <String id="245164" toolTip="" string="" />
    <String id="245165" toolTip="" string="" />
    <String id="245166" toolTip="" string="" />
    <String id="245167" toolTip="" string="" />
    <String id="245168" toolTip="" string="" />
    <String id="245169" toolTip="" string="" />
    <String id="245170" toolTip="" string="" />
    <String id="245171" toolTip="" string="" />
    <String id="245172" toolTip="" string="" />
    <String id="245173" toolTip="" string="" />
    <String id="245174" toolTip="" string="" />
    <String id="245175" toolTip="Dragonboat Loot Box (150 EMP)" string="Dragonboat Loot Box (150 EMP)" />
    <String id="245176" toolTip="When used, get 1 out of a high list of pets!" string="[Black Wish] 100% Pet Box" />
    <String id="245177" toolTip="You'll get a Rapid Growth Potion (200% -400%) (1 day), Skill Polishing 15 (1 day)" string="[Black Wish] Growth support box" />
    <String id="245178" toolTip="When used, get between 2500 and 10000 Tokens to exchange for vanity!" string="[Black Wish] Vanity Token Gacha" />
    <String id="245179" toolTip="When opening a box, you can chance to obtain one of the various items (Legend, Rare, Advanced) of partner items." string="[Black Wish] 100% Partner Chest" />
    <String id="245180" toolTip="You'll get both EXP Gift (500M XP) and Rapid Growth Potion (500%-1000%) (1 hour)." string="[Black Wish] Fast Level Up Package" />
    <String id="245181" toolTip="When you open a box, you will obtain one out of 10 possible Dragons or Wyverns with 1.5 Effect." string="[Black Wish] Mighty Dragon Skill Chest" />
    <String id="245182" toolTip="When you open a box, you have a 50% chance to win 5 Perfect Relic / Relic Box Token or a Perfect Bright Accessory Token." string="[Step 8] Black Wish Box" />
    <String id="245183" toolTip="When you open a box, you have a 50% chance to earn one of the Perfect Rare Dragon Chest or [Step 8] Black Wish Box." string="[Step 7] Black Wish Box" />
    <String id="245184" toolTip="When you open the box, there's a 50% chance you'll get one Perfect Relic / Halidom Token or [Step 7] Black Wish Box." string="[Step 6] Black Wish Box" />
    <String id="245185" toolTip="When you open a box, you have a 50% chance to win a Fast Level Up Package or [Step 6] Black Wish Box." string="[Step 5] Black Wish Box" />
    <String id="245186" toolTip="When you open a box, you have a 50% chance to earn one of the 100% Partner Chests or [Step 5] Black Wish Box." string="[Step 4] Black Wish Box" />
    <String id="245187" toolTip="When you open a box, you have a 50% chance to earn Costume Decomposition Tokens or [Step 4] Black Wish Box." string="[Step 3] Black Wish Box" />
    <String id="245188" toolTip="When you open a box, you have a 50% chance to earn one of the Growth Support Chest or [Step 3] Black Wish Box." string="[Step 2] Black Wish Box" />
    <String id="245189" toolTip="When you open a box, there's a 50% chance you'll get a 100% Pet Box or [Step 2] Black Wish Box." string="[Step 1] Black Wish Box" />
    <String id="245190" toolTip="Christmas 2019 Weapon Skin Smart Box" string="Christmas 2019 Weapon Skin Smart Box" />
    <String id="245191" toolTip="Christmas 2019 Footstamp Loot Box (150 EMP)" string="Christmas 2019 Footstamp Loot Box (150 EMP)" />
    <String id="245192" toolTip="Christmas 2019 Weapons Loot Box (195 EMP)" string="Christmas 2019 Weapons Loot Box (195 EMP)" />
    <String id="245193" toolTip="Rare Guinea Pig Pet Loot Box (195 EMP)" string="Rare Guinea Pig Pet Loot Box (195 EMP)" />
    <String id="245194" toolTip="Rare Black Bear Pet Loot Box (195 EMP)" string="Rare Black Bear Pet Loot Box (195 EMP)" />
    <String id="245195" toolTip="Dyeable Angelic Costume Smartbox" string="Dyeable Angelic Costume Smartbox" />
    <String id="245196" toolTip="Dyeable Fairy Costume Smartbox" string="Dyeable Fairy Costume Smartbox" />
    <String id="245197" toolTip="Dyeable Royal Arcadia Costume Smartbox" string="Dyeable Royal Arcadia Costume Smartbox" />
    <String id="245198" toolTip="Dyeable 2017 Maid Costume Smartbox (female only)" string="Dyeable 2017 Maid Costume Smartbox (female only)" />
    <String id="245199" toolTip="[Dyeable] Apron Costume Smartbox (female only)" string="[Dyeable] Apron Costume Smartbox (female only)" />
    <String id="245200" toolTip="[Unique] Apron Costume Smartbox (female only)" string="[Unique] Apron Costume Smartbox (female only)" />
    <String id="245201" toolTip="[Normal] Apron Costume Smartbox (female only)" string="[Normal] Apron Costume Smartbox (female only)" />
    <String id="245202" toolTip="Cute Headband Smartbox" string="Cute Headband Smartbox" />
    <String id="245203" toolTip="Magical Weapon Smartbox" string="Magical Weapon Smartbox" />
    <String id="245204" toolTip="Off-Shoulder Dress (Common)" string="Off-Shoulder Dress (Common)" />
    <String id="245205" toolTip="Off-Shoulder Dress (Rare)" string="Off-Shoulder Dress (Rare)" />
    <String id="245206" toolTip="Off-Shoulder Dress (Dyeable)" string="Off-Shoulder Dress (Dyeable)" />
    <String id="245207" toolTip="Frozen Sakura (Common)" string="Frozen Sakura (Common)" />
    <String id="245208" toolTip="Frozen Sakura (Rare)" string="Frozen Sakura (Rare)" />
    <String id="245209" toolTip="Frozen Sakura Costume Loot Box (150 EMP)" string="Frozen Sakura Costume Loot Box (150 EMP)" />
    <String id="245210" toolTip="Off-Shoulder Dress (Dyeable) Loot Box (195 EMP)" string="Off-Shoulder Dress (Dyeable) Loot Box (195 EMP)" />
    <String id="245211" toolTip="Fishing Bag" string="Fishing Bag" />
    <String id="245212" toolTip="Gem Bag" string="Gem Bag" />
    <String id="245213" toolTip="Pet Bag" string="Pet Bag" />
    <String id="245214" toolTip="Potions Bag" string="Potions Bag" />
    <String id="245215" toolTip="Strength Bag" string="Strength Bag" />
    <String id="245216" toolTip="Food Bag" string="Food Bag" />
    <String id="245217" toolTip="Fashion Bag" string="Fashion Bag" />
    <String id="245218" toolTip="Little Red costume (Common)" string="Little Red costume (Common)" />
    <String id="245219" toolTip="Little Red costume (Rare)" string="Little Red costume (Rare)" />
    <String id="245220" toolTip="Wolf costume(smartbox)" string="Wolf costume(smartbox)" />
    <String id="245221" toolTip="Fairytale Friends (150 EMP)" string="Fairytale Friends (150 EMP)" />
    <String id="245222" toolTip="Little Big Snow Puff Lootbox (195 EMP)" string="Little Big Snow Puff Lootbox (195 EMP)" />
    <String id="245223" toolTip="Little Red and Fluffy Wolf Lootbox (195 EMP)" string="Little Red and Fluffy Wolf Lootbox (195 EMP)" />
    <String id="245224" toolTip="Valders Golden Weapon Skin Smart Box" string="Valders Golden Weapon Skin Smart Box" />
    <String id="245225" toolTip="Valders Radiant Weapon Skin Smart Box" string="Valders Radiant Weapon Skin Smart Box" />
    <String id="245226" toolTip="Valders Radiant Weapon Skin Loot Box (250 EMP)" string="Valders Radiant Weapon Skin Loot Box (250 EMP)" />
    <String id="245227" toolTip="Scarlet Hover Bike Loot Box (150 EMP)" string="Scarlet Hover Bike Loot Box (150 EMP)" />
    <String id="245228" toolTip="2020 swimsuits rare smartbox" string="2020 swimsuits rare smartbox" />
    <String id="245229" toolTip="2020 swimsuits dyeable smartbox" string="2020 swimsuits dyeable smartbox" />
    <String id="245230" toolTip="2020 Dyeable Swimsuits Lootbox (295EMP)" string="2020 Dyeable Swimsuits Lootbox (295EMP)" />
    <String id="245231" toolTip="Rare Iron Accessories and Skillbook (2.0)" string="Rare Iron Accessories and Skillbook (2.0)" />
    <String id="245232" toolTip="Common Iron Accessories and Skillbook (1.0)" string="Common Iron Accessories and Skillbook (1.0)" />
    <String id="245233" toolTip="(250 EMP) Dyeable Iron Flight Suit 2.0 Smartbox" string="(250 EMP) Dyeable Iron Flight Suit 2.0 Smartbox" />
    <String id="245234" toolTip="(2995 EMP) Common Iron Flight Suit 1.0 Smartbox" string="(2995 EMP) Common Iron Flight Suit 1.0 Smartbox" />
    <String id="245235" toolTip="(3995 EMP) Personal Rare Iron Flight Bundle (non-tradable)" string="(3995 EMP) Personal Rare Iron Flight Bundle (non-tradable)" />
    <String id="245236" toolTip="(250 EMP) Dyeable Iron Flight Suit 2.0 Lootbox" string="(250 EMP) Dyeable Iron Flight Suit 2.0 Lootbox" />
    <String id="245237" toolTip="Black-inked Rose Yukata (Common) Smartbox" string="Black-inked Rose Yukata (Common) Smartbox" />
    <String id="245238" toolTip="Black-inked Golden Rose Yukata (Rare) Smartbox" string="Black-inked Golden Rose Yukata (Rare) Smartbox" />
    <String id="245239" toolTip="Black-inked Golden Rose Yukata (Dyeable) Smartbox" string="Black-inked Golden Rose Yukata (Dyeable) Smartbox" />
    <String id="245240" toolTip="Hagufna's Costume Smartbox" string="Hagufna's Costume Smartbox" />
    <String id="245241" toolTip="Aqua Elemental Weapon (Common) Smartbox" string="Aqua Elemental Weapon (Common) Smartbox" />
    <String id="245242" toolTip="Aqua Elemental Weapon (Rare) Smartbox" string="Aqua Elemental Weapon (Rare) Smartbox" />
    <String id="245243" toolTip="(295 EMP) Grunge Rex Lootbox" string="(295 EMP) Grunge Rex Lootbox" />
    <String id="245244" toolTip="(295 EMP) Artsy Rex Lootbox" string="(295 EMP) Artsy Rex Lootbox" />
    <String id="245245" toolTip="(295 EMP) Red Rex Lootbox" string="(295 EMP) Red Rex Lootbox" />
    <String id="245246" toolTip="(195 EMP) Shimmering Gemfly Lootbox" string="(195 EMP) Shimmering Gemfly Lootbox" />
    <String id="245247" toolTip="(250 EMP) Dyeable 2020 Yukata Lootbox" string="(250 EMP) Dyeable 2020 Yukata Lootbox" />
    <String id="245248" toolTip="2019 Yukata Accessory Bundle" string="2019 Yukata Accessory Bundle" />
    <String id="245249" toolTip="2020 Yukata Accessory Bundle" string="2020 Yukata Accessory Bundle" />
    <String id="245250" toolTip="(250 EMP) Aqua Elemental Weapon Lootbox" string="(250 EMP) Aqua Elemental Weapon Lootbox" />
    <String id="245251" toolTip="Rare Militray Costume Smartbox" string="Rare Militray Costume Smartbox" />
    <String id="245252" toolTip="Dyeable Militray Costume Smartbox" string="Dyeable Militray Costume Smartbox" />
    <String id="245253" toolTip="Common Militray Costume and Backpack Bundle" string="Common Militray Costume and Backpack Bundle" />
    <String id="245254" toolTip="Military Costume Lootbox (250EMP)" string="Military Costume Lootbox (250EMP)" />
    <String id="245255" toolTip="Pink Shark Lootbox (150EMP)" string="Pink Shark Lootbox (150EMP)" />
    <String id="245256" toolTip="Blue Shark Lootbox (150EMP)" string="Blue Shark Lootbox (150EMP)" />
</StrSheet_Item>
