<StrSheet_Item xmlns:xsi="http://www.w3.org/2001/XMLSchema-instance" xsi:schemaLocation="https://vezel.dev/novadrop/dc/StrSheet_Item StrSheet_Item.xsd" xmlns="https://vezel.dev/novadrop/dc/StrSheet_Item">
    <String id="240000" toolTip="" string="" />
    <String id="240001" toolTip="" string="" />
    <String id="240002" toolTip="" string="" />
    <String id="240003" toolTip="" string="" />
    <String id="240004" toolTip=" " string="" />
    <String id="240005" toolTip=" " string="" />
    <String id="240006" toolTip=" " string="" />
    <String id="240007" toolTip=" " string="" />
    <String id="240008" toolTip="" string="" />
    <String id="240009" toolTip="" string="" />
    <String id="240010" toolTip="" string="" />
    <String id="240011" toolTip="" string="" />
    <String id="240012" toolTip="" string="" />
    <String id="240013" toolTip="" string="" />
    <String id="240014" toolTip=" " string="" />
    <String id="240015" toolTip="" string="" />
    <String id="240016" toolTip="" string="" />
    <String id="240017" toolTip="" string="" />
    <String id="240018" toolTip="" string="" />
    <String id="240019" toolTip="" string="" />
    <String id="240020" toolTip=" " string="" />
    <String id="240021" toolTip=" " string="" />
    <String id="240022" toolTip=" " string="" />
    <String id="240023" toolTip="" string="" />
    <String id="240024" toolTip="" string="" />
    <String id="240025" toolTip="" string="" />
    <String id="240026" toolTip="" string="" />
    <String id="240027" toolTip="" string="" />
    <String id="240028" toolTip="" string="" />
    <String id="240029" toolTip="" string="" />
    <String id="240030" toolTip="" string="" />
    <String id="240031" toolTip="" string="" />
    <String id="240032" toolTip="" string="" />
    <String id="240033" toolTip="" string="" />
    <String id="240034" toolTip="" string="" />
    <String id="240035" toolTip="" string="" />
    <String id="240036" toolTip="" string="" />
    <String id="240037" toolTip="" string="" />
    <String id="240038" toolTip="" string="" />
    <String id="240039" toolTip="" string="" />
    <String id="240040" toolTip="" string="" />
    <String id="240041" toolTip="" string="" />
    <String id="240042" toolTip="" string="" />
    <String id="240043" toolTip="" string="" />
    <String id="240044" toolTip="" string="" />
    <String id="240045" toolTip="" string="" />
    <String id="240046" toolTip="" string="" />
    <String id="240047" toolTip="" string="" />
    <String id="240048" toolTip="" string="" />
    <String id="240049" toolTip="" string="" />
    <String id="240050" toolTip="" string="" />
    <String id="240051" toolTip="" string="" />
    <String id="240052" toolTip="" string="" />
    <String id="240053" toolTip=" " string="" />
    <String id="240054" toolTip="" string="" />
    <String id="240055" toolTip="" string="" />
    <String id="240056" toolTip="" string="" />
    <String id="240057" toolTip="" string="" />
    <String id="240058" toolTip="" string="" />
    <String id="240059" toolTip=" " string="" />
    <String id="240060" toolTip="" string="" />
    <String id="240061" toolTip="" string="" />
    <String id="240062" toolTip="" string="" />
    <String id="240063" toolTip="" string="" />
    <String id="240064" toolTip="" string="" />
    <String id="240065" toolTip="" string="" />
    <String id="240066" toolTip="" string="" />
    <String id="240067" toolTip="" string="" />
    <String id="240068" toolTip="" string="" />
    <String id="240069" toolTip="" string="" />
    <String id="240070" toolTip="" string="" />
    <String id="240071" toolTip="" string="" />
    <String id="240072" toolTip="" string="" />
    <String id="240073" toolTip="" string="" />
    <String id="240074" toolTip="" string="" />
    <String id="240075" toolTip="" string="" />
    <String id="240076" toolTip="" string="" />
    <String id="240077" toolTip="" string="" />
    <String id="240078" toolTip="" string="" />
    <String id="240079" toolTip="" string="" />
    <String id="240080" toolTip="" string="" />
    <String id="240081" toolTip="" string="" />
    <String id="240082" toolTip="" string="" />
    <String id="240083" toolTip="" string="" />
    <String id="240084" toolTip="" string="" />
    <String id="240085" toolTip="" string="" />
    <String id="240086" toolTip="" string="" />
    <String id="240087" toolTip="" string="" />
    <String id="240088" toolTip="" string="" />
    <String id="240089" toolTip="" string="" />
    <String id="240090" toolTip="" string="" />
    <String id="240091" toolTip="" string="" />
    <String id="240092" toolTip="" string="" />
    <String id="240093" toolTip="" string="" />
    <String id="240094" toolTip="" string="" />
    <String id="240095" toolTip="" string="" />
    <String id="240096" toolTip="" string="" />
    <String id="240097" toolTip="" string="" />
    <String id="240098" toolTip="" string="" />
    <String id="240099" toolTip="" string="" />
    <String id="240100" toolTip="" string="" />
    <String id="240101" toolTip="" string="" />
    <String id="240102" toolTip="" string="" />
    <String id="240103" toolTip="" string="" />
    <String id="240104" toolTip="" string="" />
    <String id="240105" toolTip="" string="" />
    <String id="240106" toolTip="" string="" />
    <String id="240107" toolTip="" string="" />
    <String id="240108" toolTip="" string="" />
    <String id="240109" toolTip="" string="" />
    <String id="240110" toolTip="" string="" />
    <String id="240111" toolTip="" string="" />
    <String id="240112" toolTip="" string="" />
    <String id="240113" toolTip="" string="" />
    <String id="240114" toolTip="" string=" " />
    <String id="240115" toolTip=" " string="" />
    <String id="240116" toolTip="" string="" />
    <String id="240117" toolTip="" string="" />
    <String id="240118" toolTip="" string="" />
    <String id="240119" toolTip="" string="" />
    <String id="240120" toolTip="" string="" />
    <String id="240121" toolTip="" string="" />
    <String id="240122" toolTip="" string="" />
    <String id="240123" toolTip="" string="" />
    <String id="240124" toolTip="" string="" />
    <String id="240125" toolTip="" string="" />
    <String id="240126" toolTip="" string="" />
    <String id="240127" toolTip="" string="" />
    <String id="240128" toolTip="" string="" />
    <String id="240129" toolTip="" string="" />
    <String id="240130" toolTip="" string="" />
    <String id="240131" toolTip="" string="" />
    <String id="240132" toolTip="" string="" />
    <String id="240133" toolTip="" string="" />
    <String id="240134" toolTip="" string="" />
    <String id="240135" toolTip="" string="" />
    <String id="240136" toolTip="" string="" />
    <String id="240137" toolTip="" string="" />
    <String id="240138" toolTip="" string="" />
    <String id="240139" toolTip="" string="" />
    <String id="240140" toolTip="" string="" />
    <String id="240141" toolTip="" string="" />
    <String id="240142" toolTip="" string="" />
    <String id="240143" toolTip="" string="" />
    <String id="240144" toolTip="" string="" />
    <String id="240145" toolTip="" string="" />
    <String id="240146" toolTip="" string="" />
    <String id="240147" toolTip="" string="" />
    <String id="240148" toolTip="" string="" />
    <String id="240149" toolTip="" string="" />
    <String id="240150" toolTip="" string="" />
    <String id="240151" toolTip="" string="" />
    <String id="240152" toolTip="" string="" />
    <String id="240153" toolTip="" string="" />
    <String id="240154" toolTip="" string="" />
    <String id="240155" toolTip="" string="" />
    <String id="240156" toolTip="" string="" />
    <String id="240157" toolTip="" string="" />
    <String id="240158" toolTip="" string="" />
    <String id="240159" toolTip="" string="" />
    <String id="240160" toolTip="" string="" />
    <String id="240161" toolTip="" string="" />
    <String id="240162" toolTip="" string="" />
    <String id="240163" toolTip="" string="" />
    <String id="240164" toolTip="" string="" />
    <String id="240165" toolTip="" string="" />
    <String id="240166" toolTip="" string="" />
    <String id="240167" toolTip=" " string="" />
    <String id="240168" toolTip="" string=" " />
    <String id="240169" toolTip="Dummy Gacha" string="Dummy Gacha51" />
    <String id="240170" toolTip="Dummy Gacha" string="Dummy Gacha52" />
    <String id="240171" toolTip="Dummy Gacha" string="Dummy Gacha53" />
    <String id="240172" toolTip="Dummy Gacha" string="Dummy Gacha54" />
    <String id="240173" toolTip="Dummy Gacha" string="Dummy Gacha55" />
    <String id="240174" toolTip="Dummy Gacha" string="Dummy Gacha56" />
    <String id="240175" toolTip="Dummy Gacha" string="Dummy Gacha57" />
    <String id="240176" toolTip="Dummy Gacha" string="Dummy Gacha58" />
    <String id="240177" toolTip="Dummy Gacha" string="Dummy Gacha59" />
    <String id="240178" toolTip="Dummy Gacha" string="Dummy Gacha60" />
    <String id="240179" toolTip="" string="" />
    <String id="240180" toolTip="" string="" />
    <String id="240181" toolTip="" string="" />
    <String id="240182" toolTip="" string="" />
    <String id="240183" toolTip="" string="" />
    <String id="240184" toolTip="" string="" />
    <String id="240185" toolTip="" string="" />
    <String id="240186" toolTip="" string="" />
    <String id="240187" toolTip="" string="" />
    <String id="240188" toolTip="" string="" />
    <String id="240189" toolTip="" string="" />
    <String id="240190" toolTip="" string="" />
    <String id="240191" toolTip="" string="" />
    <String id="240192" toolTip="" string="" />
    <String id="240193" toolTip="" string="" />
    <String id="240194" toolTip="" string="" />
    <String id="240195" toolTip="" string="" />
    <String id="240196" toolTip="" string="" />
    <String id="240197" toolTip="" string="" />
    <String id="240198" toolTip="" string="" />
    <String id="240199" toolTip="" string="" />
    <String id="240200" toolTip="" string="" />
    <String id="240201" toolTip="" string="" />
    <String id="240202" toolTip="" string="" />
    <String id="240203" toolTip="" string="" />
    <String id="240204" toolTip=" " string="" />
    <String id="240205" toolTip=" " string="" />
    <String id="240206" toolTip=" " string="" />
    <String id="240207" toolTip=" " string="" />
    <String id="240208" toolTip="" string="" />
    <String id="240209" toolTip="" string="" />
    <String id="240210" toolTip="" string="" />
    <String id="240211" toolTip="" string="" />
    <String id="240212" toolTip="" string="" />
    <String id="240213" toolTip=" " string="" />
    <String id="240214" toolTip="" string="" />
    <String id="240215" toolTip=" " string="" />
    <String id="240216" toolTip="" string="" />
    <String id="240217" toolTip="" string="" />
    <String id="240218" toolTip="" string="" />
    <String id="240219" toolTip="" string="" />
    <String id="240220" toolTip="" string="" />
    <String id="240221" toolTip="???????????????? ??? Moonlight Party Dress Costume ???? ???????????? ????????" string="Moonlight Party Dress Costume Box" />
    <String id="240222" toolTip="???????????????? ??? Midnight Party Dress Costume ???? ???????????? ????????" string="Midnight Party Dress Costume Box" />
    <String id="240223" toolTip="???????????????? Lovely Maid Weapon ???? ????????????????? ?????? Brawler, Gunner, Ninja, Valkyrie" string="Lovely Maid Weapon Box" />
    <String id="240224" toolTip="???????????????? ??? Maid Costume ????????? ???? ???????????? ????????" string="Dyeable Maid Costume Box" />
    <String id="240225" toolTip="???????????????? ??? Butler Classic ???? ??????????? ????????" string="Male Butler Costume Box" />
    <String id="240226" toolTip="???????????????? Arcade Block Weapon ???? ????????????????? ?????? Brawler, Ninja, Valkyrie" string="Arcade Block Weapon Box" />
    <String id="240227" toolTip="???????????????? Arcade Rainbow Weapon ???? ????????????????? ?????? Brawler, Ninja, Valkyrie" string="Arcade Rainow Weapon Box" />
    <String id="240228" toolTip="???????????????? Arcade Crystal Weapon ???? ????????????????? ?????? Brawler, Ninja, Valkyrie" string="Arcade Crystal Weapon Box" />
    <String id="240229" toolTip="???????????????? Arcade Prism Weapon ???? ????????????????? ?????? Brawler, Ninja, Valkyrie" string="Arcade Prism Weapon Box" />
    <String id="240230" toolTip="" string="" />
    <String id="240231" toolTip="" string="" />
    <String id="240232" toolTip="" string="" />
    <String id="240233" toolTip="" string="" />
    <String id="240234" toolTip=" " string="" />
    <String id="240235" toolTip=" " string="" />
    <String id="240236" toolTip=" " string="" />
    <String id="240237" toolTip=" " string="" />
    <String id="240238" toolTip=" " string="" />
    <String id="240239" toolTip="" string="" />
    <String id="240240" toolTip="" string="" />
    <String id="240241" toolTip="" string="" />
    <String id="240242" toolTip=" " string="" />
    <String id="240243" toolTip=" " string="" />
    <String id="240244" toolTip=" " string="" />
    <String id="240245" toolTip=" " string="" />
    <String id="240246" toolTip=" " string="" />
    <String id="240247" toolTip=" " string="" />
    <String id="240248" toolTip=" " string="" />
    <String id="240249" toolTip=" " string="" />
    <String id="240250" toolTip=" " string="" />
    <String id="240251" toolTip=" " string="" />
    <String id="240252" toolTip=" " string="" />
    <String id="240253" toolTip=" " string="" />
    <String id="240254" toolTip=" " string="" />
    <String id="240255" toolTip="" string="" />
    <String id="240256" toolTip="" string="" />
    <String id="240257" toolTip=" " string="" />
    <String id="240258" toolTip=" " string="" />
    <String id="240259" toolTip=" " string="" />
    <String id="240260" toolTip=" " string="" />
    <String id="240261" toolTip=" " string="" />
    <String id="240262" toolTip=" " string="" />
    <String id="240263" toolTip=" " string="" />
    <String id="240264" toolTip=" " string="" />
    <String id="240265" toolTip=" " string="" />
    <String id="240266" toolTip=" " string="" />
    <String id="240267" toolTip=" " string="" />
    <String id="240268" toolTip=" " string="" />
    <String id="240269" toolTip=" " string="" />
    <String id="240270" toolTip="" string="" />
    <String id="240271" toolTip=" " string="" />
    <String id="240272" toolTip="" string="" />
    <String id="240273" toolTip="" string="" />
    <String id="240274" toolTip="  " string="" />
    <String id="240275" toolTip="" string="" />
    <String id="240276" toolTip="" string="" />
    <String id="240277" toolTip="" string="" />
    <String id="240278" toolTip="" string="" />
    <String id="240279" toolTip="" string="" />
    <String id="240280" toolTip=" " string="" />
    <String id="240281" toolTip="" string="" />
    <String id="240282" toolTip="" string="" />
    <String id="240283" toolTip="" string="" />
    <String id="240284" toolTip="" string="" />
    <String id="240285" toolTip="" string="" />
    <String id="240286" toolTip="" string="" />
    <String id="240287" toolTip="" string="" />
    <String id="240288" toolTip="" string="" />
    <String id="240289" toolTip="" string="" />
    <String id="240290" toolTip="" string="" />
    <String id="240291" toolTip="" string="" />
    <String id="240292" toolTip="" string="" />
    <String id="240293" toolTip="" string="" />
    <String id="240294" toolTip="" string="" />
    <String id="240295" toolTip="" string="" />
    <String id="240296" toolTip="" string="" />
    <String id="240297" toolTip="" string="" />
    <String id="240298" toolTip="" string="" />
    <String id="240299" toolTip="" string="" />
    <String id="240300" toolTip="" string="" />
    <String id="240301" toolTip="" string="" />
    <String id="240302" toolTip="" string="" />
    <String id="240303" toolTip="  " string="" />
    <String id="240304" toolTip=" " string="" />
    <String id="240305" toolTip="" string="" />
    <String id="240306" toolTip=" " string="" />
    <String id="240307" toolTip="" string="" />
    <String id="240308" toolTip="" string="" />
    <String id="240309" toolTip="" string="" />
    <String id="240310" toolTip="" string="" />
    <String id="240311" toolTip="" string="" />
    <String id="240312" toolTip="" string="" />
    <String id="240313" toolTip="" string="" />
    <String id="240314" toolTip="" string="" />
    <String id="240315" toolTip="" string="" />
    <String id="240316" toolTip="" string="" />
    <String id="240317" toolTip="" string="" />
    <String id="240318" toolTip="" string="" />
    <String id="240319" toolTip="" string="" />
    <String id="240320" toolTip="" string="" />
    <String id="240321" toolTip="" string="" />
    <String id="240322" toolTip="" string="" />
    <String id="240323" toolTip="" string="" />
    <String id="240324" toolTip="" string="" />
    <String id="240325" toolTip="" string="" />
    <String id="240326" toolTip="" string="" />
    <String id="240327" toolTip="" string="" />
    <String id="240328" toolTip="" string="" />
    <String id="240329" toolTip="" string="" />
    <String id="240330" toolTip="" string="" />
    <String id="240331" toolTip="" string="" />
    <String id="240332" toolTip="" string="" />
    <String id="240333" toolTip="" string="" />
    <String id="240334" toolTip="" string="" />
    <String id="240335" toolTip="" string="" />
    <String id="240336" toolTip="" string="" />
    <String id="240337" toolTip="" string="" />
    <String id="240338" toolTip="" string="" />
    <String id="240339" toolTip="" string="" />
    <String id="240340" toolTip="" string="" />
    <String id="240341" toolTip="" string="" />
    <String id="240342" toolTip="" string="" />
    <String id="240343" toolTip="" string="" />
    <String id="240344" toolTip="" string="" />
    <String id="240345" toolTip="" string="" />
    <String id="240346" toolTip="" string="" />
    <String id="240347" toolTip="" string="" />
    <String id="240348" toolTip="" string="" />
    <String id="240349" toolTip="" string="" />
    <String id="240350" toolTip="" string="" />
    <String id="240351" toolTip="" string="" />
    <String id="240352" toolTip="" string="" />
    <String id="240353" toolTip="" string="" />
    <String id="240354" toolTip="" string="" />
    <String id="240355" toolTip="" string="" />
    <String id="240356" toolTip="" string="" />
    <String id="240357" toolTip="" string="" />
    <String id="240358" toolTip="" string="" />
    <String id="240359" toolTip="" string="" />
    <String id="240360" toolTip="" string="" />
    <String id="240361" toolTip="" string="" />
    <String id="240362" toolTip="" string="" />
    <String id="240363" toolTip="" string="" />
    <String id="240364" toolTip="" string="" />
    <String id="240365" toolTip="" string="" />
    <String id="240366" toolTip="" string="" />
    <String id="240367" toolTip="" string="" />
    <String id="240368" toolTip="" string="" />
    <String id="240369" toolTip="" string="" />
    <String id="240370" toolTip="" string="" />
    <String id="240371" toolTip="" string="" />
    <String id="240372" toolTip="" string="" />
    <String id="240373" toolTip="" string="" />
    <String id="240374" toolTip="" string="" />
    <String id="240375" toolTip="" string="" />
    <String id="240376" toolTip="" string="" />
    <String id="240377" toolTip="" string="" />
    <String id="240378" toolTip="" string="" />
    <String id="240379" toolTip="" string="" />
    <String id="240380" toolTip="" string="" />
    <String id="240381" toolTip="" string="" />
    <String id="240382" toolTip="" string="" />
    <String id="240383" toolTip="" string="" />
    <String id="240384" toolTip="" string="" />
    <String id="240385" toolTip="" string="" />
    <String id="240386" toolTip="" string="" />
    <String id="240387" toolTip="" string="" />
    <String id="240388" toolTip="" string="" />
    <String id="240389" toolTip="" string="" />
    <String id="240390" toolTip="" string="" />
    <String id="240391" toolTip="" string="" />
    <String id="240392" toolTip="" string="" />
    <String id="240393" toolTip="" string="" />
    <String id="240394" toolTip="" string="" />
    <String id="240395" toolTip="" string="" />
    <String id="240396" toolTip="" string="" />
    <String id="240397" toolTip="" string="" />
    <String id="240398" toolTip="" string="" />
    <String id="240399" toolTip="" string="" />
    <String id="240400" toolTip="" string="" />
    <String id="240401" toolTip="" string="" />
    <String id="240402" toolTip="" string="" />
    <String id="240403" toolTip="" string="" />
    <String id="240404" toolTip="" string="" />
    <String id="240405" toolTip="" string="" />
    <String id="240406" toolTip="" string="" />
    <String id="240407" toolTip="" string="" />
    <String id="240408" toolTip="" string="" />
    <String id="240409" toolTip="" string="" />
    <String id="240410" toolTip="" string="" />
    <String id="240411" toolTip="" string="" />
    <String id="240412" toolTip="" string="" />
    <String id="240413" toolTip="" string="" />
    <String id="240414" toolTip="" string="" />
    <String id="240415" toolTip="" string="" />
    <String id="240416" toolTip="" string="" />
    <String id="240417" toolTip="" string="" />
    <String id="240418" toolTip="" string="" />
    <String id="240419" toolTip="" string="" />
    <String id="240420" toolTip="" string="" />
    <String id="240421" toolTip="" string="" />
    <String id="240422" toolTip="" string="" />
    <String id="240423" toolTip="" string="" />
    <String id="240424" toolTip="" string="" />
    <String id="240425" toolTip="" string="" />
    <String id="240426" toolTip="" string="" />
    <String id="240427" toolTip="" string="" />
    <String id="240428" toolTip="" string="" />
    <String id="240429" toolTip="" string="" />
    <String id="240430" toolTip="" string="" />
    <String id="240431" toolTip="" string="" />
    <String id="240432" toolTip="" string="" />
    <String id="240433" toolTip="" string="" />
    <String id="240434" toolTip="" string="" />
    <String id="240435" toolTip="" string="" />
    <String id="240436" toolTip="" string="" />
    <String id="240437" toolTip="" string="" />
    <String id="240438" toolTip="" string="" />
    <String id="240439" toolTip="" string="" />
    <String id="240440" toolTip="" string="" />
    <String id="240441" toolTip="" string="" />
    <String id="240442" toolTip="" string="" />
    <String id="240443" toolTip="" string="" />
    <String id="240444" toolTip="" string="" />
    <String id="240445" toolTip="" string="" />
    <String id="240446" toolTip="" string="" />
    <String id="240447" toolTip="" string="" />
    <String id="240448" toolTip="" string="" />
    <String id="240449" toolTip="" string="" />
    <String id="240450" toolTip="" string="" />
    <String id="240451" toolTip="" string="" />
    <String id="240452" toolTip="" string="" />
    <String id="240453" toolTip="" string="" />
    <String id="240454" toolTip="" string="" />
    <String id="240455" toolTip="" string="" />
    <String id="240456" toolTip="" string="" />
    <String id="240457" toolTip="" string="" />
    <String id="240458" toolTip="" string="" />
    <String id="240459" toolTip="" string="" />
    <String id="240460" toolTip="" string="" />
    <String id="240461" toolTip="" string="" />
    <String id="240462" toolTip="" string="" />
    <String id="240463" toolTip="" string="" />
    <String id="240464" toolTip="" string="" />
    <String id="240465" toolTip="" string="" />
    <String id="240466" toolTip="" string="" />
    <String id="240467" toolTip="" string="" />
    <String id="240468" toolTip="" string="" />
    <String id="240469" toolTip="" string="" />
    <String id="240470" toolTip="" string="" />
    <String id="240471" toolTip="" string="" />
    <String id="240472" toolTip="" string="" />
    <String id="240473" toolTip="" string="" />
    <String id="240474" toolTip="" string="" />
    <String id="240475" toolTip="" string="" />
    <String id="240476" toolTip="" string="" />
    <String id="240477" toolTip="" string="" />
    <String id="240478" toolTip="" string="" />
    <String id="240479" toolTip="" string="" />
    <String id="240480" toolTip="" string="" />
    <String id="240481" toolTip="" string="" />
    <String id="240482" toolTip="" string="" />
    <String id="240483" toolTip="" string="" />
    <String id="240484" toolTip="" string="" />
    <String id="240485" toolTip="" string="" />
    <String id="240486" toolTip="" string="" />
    <String id="240487" toolTip="" string="" />
    <String id="240488" toolTip="" string="" />
    <String id="240489" toolTip="" string="" />
    <String id="240490" toolTip="" string="" />
    <String id="240491" toolTip="" string="" />
    <String id="240492" toolTip="" string="" />
    <String id="240493" toolTip="" string="" />
    <String id="240494" toolTip="" string="" />
    <String id="240495" toolTip="" string="" />
    <String id="240496" toolTip="" string="" />
    <String id="240497" toolTip="" string="" />
    <String id="240498" toolTip="" string="" />
    <String id="240499" toolTip="" string="" />
    <String id="240500" toolTip="" string="" />
    <String id="240501" toolTip="" string="" />
    <String id="240502" toolTip="" string="" />
    <String id="240503" toolTip="" string="" />
    <String id="240504" toolTip="" string="" />
    <String id="240505" toolTip="" string="" />
    <String id="240506" toolTip="" string="" />
    <String id="240507" toolTip="" string="" />
    <String id="240508" toolTip="" string="" />
    <String id="240509" toolTip="" string="" />
    <String id="240510" toolTip="" string="" />
    <String id="240511" toolTip="" string="" />
    <String id="240512" toolTip="" string="" />
    <String id="240513" toolTip="" string="" />
    <String id="240514" toolTip="" string="" />
    <String id="240515" toolTip="" string="" />
    <String id="240516" toolTip="" string="" />
    <String id="240517" toolTip="" string="" />
    <String id="240518" toolTip="" string="" />
    <String id="240519" toolTip="" string="" />
    <String id="240520" toolTip="" string="" />
    <String id="240521" toolTip="" string="" />
    <String id="240522" toolTip="" string="" />
    <String id="240523" toolTip="" string="" />
    <String id="240524" toolTip="" string="" />
    <String id="240525" toolTip="" string="" />
    <String id="240526" toolTip="" string="" />
    <String id="240527" toolTip="" string="" />
    <String id="240528" toolTip="" string="" />
    <String id="240529" toolTip="" string="" />
    <String id="240530" toolTip="" string="" />
    <String id="240531" toolTip="" string="" />
    <String id="240532" toolTip="" string="" />
    <String id="240533" toolTip="" string="" />
    <String id="240534" toolTip="" string="" />
    <String id="240535" toolTip="" string="" />
    <String id="240536" toolTip="" string="" />
    <String id="240537" toolTip="" string="" />
    <String id="240538" toolTip="" string="" />
    <String id="240539" toolTip="" string="" />
    <String id="240540" toolTip="" string="" />
    <String id="240541" toolTip="" string="" />
    <String id="240542" toolTip="" string="" />
    <String id="240543" toolTip="" string="" />
    <String id="240544" toolTip="" string="" />
    <String id="240545" toolTip="" string="" />
    <String id="240546" toolTip="" string="" />
    <String id="240547" toolTip="" string="" />
    <String id="240548" toolTip="" string="" />
    <String id="240549" toolTip="" string="" />
    <String id="240550" toolTip="" string="" />
    <String id="240551" toolTip="" string="" />
    <String id="240552" toolTip="" string="" />
    <String id="240553" toolTip="" string="" />
    <String id="240554" toolTip="" string="" />
    <String id="240555" toolTip="" string="" />
    <String id="240556" toolTip="" string="" />
    <String id="240557" toolTip="" string="" />
    <String id="240558" toolTip="" string="" />
    <String id="240559" toolTip="" string="" />
    <String id="240560" toolTip="" string="" />
    <String id="240561" toolTip="" string="" />
    <String id="240562" toolTip="" string="" />
    <String id="240563" toolTip="" string="" />
    <String id="240564" toolTip="" string="" />
    <String id="240565" toolTip="" string="" />
    <String id="240566" toolTip="" string="" />
    <String id="240567" toolTip="" string="" />
    <String id="240568" toolTip="" string="" />
    <String id="240569" toolTip="" string="" />
    <String id="240570" toolTip="" string="" />
    <String id="240571" toolTip="" string="" />
    <String id="240572" toolTip="" string="" />
    <String id="240573" toolTip="" string="" />
    <String id="240574" toolTip="" string="" />
    <String id="240575" toolTip="" string="" />
    <String id="240576" toolTip="" string="" />
    <String id="240577" toolTip="" string="" />
    <String id="240578" toolTip="" string="" />
    <String id="240579" toolTip="" string="" />
    <String id="240580" toolTip="" string="" />
    <String id="240581" toolTip="" string="" />
    <String id="240582" toolTip="" string="" />
    <String id="240583" toolTip="" string="" />
    <String id="240584" toolTip="" string="" />
    <String id="240585" toolTip="" string="" />
    <String id="240586" toolTip="" string="" />
    <String id="240587" toolTip="" string="" />
    <String id="240588" toolTip="" string="" />
    <String id="240589" toolTip="" string="" />
    <String id="240590" toolTip="" string="" />
    <String id="240591" toolTip="" string="" />
    <String id="240592" toolTip="" string="" />
    <String id="240593" toolTip="" string="" />
    <String id="240594" toolTip="" string="" />
    <String id="240595" toolTip="" string="" />
    <String id="240596" toolTip="" string="" />
    <String id="240597" toolTip="" string="" />
    <String id="240598" toolTip="" string="" />
    <String id="240599" toolTip="" string="" />
    <String id="240600" toolTip="" string="" />
    <String id="240601" toolTip="" string="" />
    <String id="240602" toolTip="" string="" />
    <String id="240603" toolTip="" string="" />
    <String id="240604" toolTip="" string="" />
    <String id="240605" toolTip="" string="" />
    <String id="240606" toolTip="" string="" />
    <String id="240607" toolTip="" string="" />
    <String id="240608" toolTip="" string="" />
    <String id="240609" toolTip="" string="" />
    <String id="240610" toolTip="" string="" />
    <String id="240611" toolTip="" string="" />
    <String id="240612" toolTip="" string="" />
    <String id="240613" toolTip="" string="" />
    <String id="240614" toolTip="" string="" />
    <String id="240615" toolTip="" string="" />
    <String id="240616" toolTip="" string="" />
    <String id="240617" toolTip="" string="" />
    <String id="240618" toolTip="" string="" />
    <String id="240619" toolTip="" string="" />
    <String id="240620" toolTip="" string="" />
    <String id="240621" toolTip="" string="" />
    <String id="240622" toolTip="" string="" />
    <String id="240623" toolTip="" string="" />
    <String id="240624" toolTip="" string="" />
    <String id="240625" toolTip="" string="" />
    <String id="240626" toolTip="" string="" />
    <String id="240627" toolTip="" string="" />
    <String id="240628" toolTip="" string="" />
    <String id="240629" toolTip="" string="" />
    <String id="240630" toolTip="" string="" />
    <String id="240631" toolTip="" string="" />
    <String id="240632" toolTip="" string="" />
    <String id="240633" toolTip="" string="" />
    <String id="240634" toolTip="" string="" />
    <String id="240635" toolTip="" string="" />
    <String id="240636" toolTip="" string="" />
    <String id="240637" toolTip="" string="" />
    <String id="240638" toolTip="" string="" />
    <String id="240639" toolTip="" string="" />
    <String id="240640" toolTip="" string="" />
    <String id="240641" toolTip="" string="" />
    <String id="240642" toolTip="" string="" />
    <String id="240643" toolTip="" string="" />
    <String id="240644" toolTip="" string="" />
    <String id="240645" toolTip="" string="" />
    <String id="240646" toolTip="" string="" />
    <String id="240647" toolTip="" string="" />
    <String id="240648" toolTip="" string="" />
    <String id="240649" toolTip="" string="" />
    <String id="240650" toolTip="" string="" />
    <String id="240651" toolTip="" string="" />
    <String id="240652" toolTip="" string="" />
    <String id="240653" toolTip="" string="" />
    <String id="240654" toolTip="" string="" />
    <String id="240655" toolTip="" string="" />
    <String id="240656" toolTip="" string="" />
    <String id="240657" toolTip="" string="" />
    <String id="240658" toolTip="" string="" />
    <String id="240659" toolTip="" string="" />
    <String id="240660" toolTip="" string="" />
    <String id="240661" toolTip="" string="" />
    <String id="240662" toolTip="" string="" />
    <String id="240663" toolTip="" string="" />
    <String id="240664" toolTip="" string="" />
    <String id="240665" toolTip="" string="" />
    <String id="240666" toolTip="" string="" />
    <String id="240667" toolTip="" string="" />
    <String id="240668" toolTip="" string="" />
    <String id="240669" toolTip="" string="" />
    <String id="240670" toolTip="" string="" />
    <String id="240671" toolTip="" string="" />
    <String id="240672" toolTip="" string="" />
    <String id="240673" toolTip="" string="" />
    <String id="240674" toolTip="" string="" />
    <String id="240675" toolTip="" string="" />
    <String id="240676" toolTip="" string="" />
    <String id="240677" toolTip="" string="" />
    <String id="240678" toolTip="" string="" />
    <String id="240679" toolTip="" string="" />
    <String id="240680" toolTip="" string="" />
    <String id="240681" toolTip="" string="" />
    <String id="240682" toolTip="" string="" />
    <String id="240683" toolTip="" string="" />
    <String id="240684" toolTip="" string="" />
    <String id="240685" toolTip="" string="" />
    <String id="240686" toolTip="" string="" />
    <String id="240687" toolTip="" string="" />
    <String id="240688" toolTip="" string="" />
    <String id="240689" toolTip="" string="" />
    <String id="240690" toolTip="" string="" />
    <String id="240691" toolTip="" string="" />
    <String id="240692" toolTip="" string="" />
    <String id="240693" toolTip="" string="" />
    <String id="240694" toolTip="" string="" />
    <String id="240695" toolTip="" string="" />
    <String id="240696" toolTip="" string="" />
    <String id="240697" toolTip="" string="" />
    <String id="240698" toolTip="" string="" />
    <String id="240699" toolTip="" string="" />
    <String id="240700" toolTip="" string="" />
    <String id="240701" toolTip="" string="" />
    <String id="240702" toolTip="" string="" />
    <String id="240703" toolTip="" string="" />
    <String id="240704" toolTip="" string="" />
    <String id="240705" toolTip="" string="" />
    <String id="240706" toolTip="" string="" />
    <String id="240707" toolTip="" string="" />
    <String id="240708" toolTip="" string="" />
    <String id="240709" toolTip="" string="" />
    <String id="240710" toolTip="" string="" />
    <String id="240711" toolTip="" string="" />
    <String id="240712" toolTip="" string="" />
    <String id="240713" toolTip="" string="" />
    <String id="240714" toolTip="" string="" />
    <String id="240715" toolTip="" string="" />
    <String id="240716" toolTip="" string="" />
    <String id="240717" toolTip="" string="" />
    <String id="240718" toolTip="" string="" />
    <String id="240719" toolTip="" string="" />
    <String id="240720" toolTip="" string="" />
    <String id="240721" toolTip="" string="" />
    <String id="240722" toolTip="" string="" />
    <String id="240723" toolTip="" string="" />
    <String id="240724" toolTip="" string="" />
    <String id="240725" toolTip="" string="" />
    <String id="240726" toolTip="" string="" />
    <String id="240727" toolTip="" string="" />
    <String id="240728" toolTip="" string="" />
    <String id="240729" toolTip="" string="" />
    <String id="240730" toolTip="" string="" />
    <String id="240731" toolTip="" string="" />
    <String id="240732" toolTip="" string="" />
    <String id="240733" toolTip="" string="" />
    <String id="240734" toolTip="" string="" />
    <String id="240735" toolTip="" string="" />
    <String id="240736" toolTip="" string="" />
    <String id="240737" toolTip="" string="" />
    <String id="240738" toolTip="" string="" />
    <String id="240739" toolTip="" string="" />
    <String id="240740" toolTip="" string="" />
    <String id="240741" toolTip="" string="" />
    <String id="240742" toolTip="" string="" />
    <String id="240743" toolTip="" string="" />
    <String id="240744" toolTip="" string="" />
    <String id="240745" toolTip="" string="" />
    <String id="240746" toolTip="" string="" />
    <String id="240747" toolTip="" string="" />
    <String id="240748" toolTip="" string="" />
    <String id="240749" toolTip="" string="" />
    <String id="240750" toolTip="" string="" />
    <String id="240751" toolTip="" string="" />
    <String id="240752" toolTip="" string="" />
    <String id="240753" toolTip="" string="" />
    <String id="240754" toolTip="" string="" />
    <String id="240755" toolTip="" string="" />
    <String id="240756" toolTip="" string="" />
    <String id="240757" toolTip="" string="" />
    <String id="240758" toolTip="" string="" />
    <String id="240759" toolTip="" string="" />
    <String id="240760" toolTip="" string="" />
    <String id="240761" toolTip="" string="" />
    <String id="240762" toolTip="" string="" />
    <String id="240763" toolTip="" string="" />
    <String id="240764" toolTip="" string="" />
    <String id="240765" toolTip="" string="" />
    <String id="240766" toolTip="" string="" />
    <String id="240767" toolTip="" string="" />
    <String id="240768" toolTip="" string="" />
    <String id="240769" toolTip="" string="" />
    <String id="240770" toolTip="" string="" />
    <String id="240771" toolTip="" string="" />
    <String id="240772" toolTip="" string="" />
    <String id="240773" toolTip="" string="" />
    <String id="240774" toolTip="" string="" />
    <String id="240775" toolTip="" string="" />
    <String id="240776" toolTip="" string="" />
    <String id="240777" toolTip="" string="" />
    <String id="240778" toolTip="" string="" />
    <String id="240779" toolTip="" string="" />
    <String id="240780" toolTip="" string="" />
    <String id="240781" toolTip="" string="" />
    <String id="240782" toolTip="" string="" />
    <String id="240783" toolTip="" string="" />
    <String id="240784" toolTip="" string="" />
    <String id="240785" toolTip="" string="" />
    <String id="240786" toolTip="" string="" />
    <String id="240787" toolTip="" string="" />
    <String id="240788" toolTip="" string="" />
    <String id="240789" toolTip="" string="" />
    <String id="240790" toolTip="" string="" />
    <String id="240791" toolTip="" string="" />
    <String id="240792" toolTip="" string="" />
    <String id="240793" toolTip="" string="" />
    <String id="240794" toolTip="" string="" />
    <String id="240795" toolTip="" string="" />
    <String id="240796" toolTip="" string="" />
    <String id="240797" toolTip="" string="" />
    <String id="240798" toolTip="" string="" />
    <String id="240799" toolTip="" string="" />
    <String id="240800" toolTip="" string="" />
    <String id="240801" toolTip="" string="" />
    <String id="240802" toolTip="" string="" />
    <String id="240803" toolTip="" string="" />
    <String id="240804" toolTip="" string="" />
    <String id="240805" toolTip="" string="" />
    <String id="240806" toolTip="" string="" />
    <String id="240807" toolTip="" string="" />
    <String id="240808" toolTip="" string="" />
    <String id="240809" toolTip="" string="" />
    <String id="240810" toolTip="" string="" />
    <String id="240811" toolTip="" string="" />
    <String id="240812" toolTip="" string="" />
    <String id="240813" toolTip="" string="" />
    <String id="240814" toolTip="" string="" />
    <String id="240815" toolTip="" string="" />
    <String id="240816" toolTip="" string="" />
    <String id="240817" toolTip="" string="" />
    <String id="240818" toolTip="" string="" />
    <String id="240819" toolTip="" string="" />
    <String id="240820" toolTip="" string="" />
    <String id="240821" toolTip="" string="" />
    <String id="240822" toolTip="" string="" />
    <String id="240823" toolTip="" string="" />
    <String id="240824" toolTip="" string="" />
    <String id="240825" toolTip="" string="" />
    <String id="240826" toolTip="" string="" />
    <String id="240827" toolTip="" string="" />
    <String id="240828" toolTip="" string="" />
    <String id="240829" toolTip="" string="" />
    <String id="240830" toolTip="" string="" />
    <String id="240831" toolTip="" string="" />
    <String id="240832" toolTip="" string="" />
    <String id="240833" toolTip="" string="" />
    <String id="240834" toolTip="" string="" />
    <String id="240835" toolTip="" string="" />
    <String id="240836" toolTip="" string="" />
    <String id="240837" toolTip="" string="" />
    <String id="240838" toolTip="" string="" />
    <String id="240839" toolTip="" string="" />
    <String id="240840" toolTip="" string="" />
    <String id="240841" toolTip="" string="" />
    <String id="240842" toolTip="" string="" />
    <String id="240843" toolTip="" string="" />
    <String id="240844" toolTip="" string="" />
    <String id="240845" toolTip="" string="" />
    <String id="240846" toolTip="" string="" />
    <String id="240847" toolTip="" string="" />
    <String id="240848" toolTip="" string="" />
    <String id="240849" toolTip="" string="" />
    <String id="240850" toolTip="" string="" />
    <String id="240851" toolTip="" string="" />
    <String id="240852" toolTip="" string="" />
    <String id="240853" toolTip="" string="" />
    <String id="240854" toolTip="" string="" />
    <String id="240855" toolTip="" string="" />
    <String id="240856" toolTip="" string="" />
    <String id="240857" toolTip="" string="" />
    <String id="240858" toolTip="" string="" />
    <String id="240859" toolTip="" string="" />
    <String id="240860" toolTip="" string="" />
    <String id="240861" toolTip="" string="" />
    <String id="240862" toolTip="" string="" />
    <String id="240863" toolTip="" string="" />
    <String id="240864" toolTip="" string="" />
    <String id="240865" toolTip="" string="" />
    <String id="240866" toolTip="" string="" />
    <String id="240867" toolTip="" string="" />
    <String id="240868" toolTip="" string="" />
    <String id="240869" toolTip="" string="" />
    <String id="240870" toolTip="" string="" />
    <String id="240871" toolTip="" string="" />
    <String id="240872" toolTip="" string="" />
    <String id="240873" toolTip="" string="" />
    <String id="240874" toolTip="" string="" />
    <String id="240875" toolTip="" string="" />
    <String id="240876" toolTip="" string="" />
    <String id="240877" toolTip="" string="" />
    <String id="240878" toolTip="" string="" />
    <String id="240879" toolTip="" string="" />
    <String id="240880" toolTip="" string="" />
    <String id="240881" toolTip="" string="" />
    <String id="240882" toolTip="" string="" />
    <String id="240883" toolTip="" string="" />
    <String id="240884" toolTip="" string="" />
    <String id="240885" toolTip="" string="" />
    <String id="240886" toolTip="" string="" />
    <String id="240887" toolTip="" string="" />
    <String id="240888" toolTip="" string="" />
    <String id="240889" toolTip="" string="" />
    <String id="240890" toolTip="" string="" />
    <String id="240891" toolTip="" string="" />
    <String id="240892" toolTip="" string="" />
    <String id="240893" toolTip="" string="" />
    <String id="240894" toolTip="" string="" />
    <String id="240895" toolTip="" string="" />
    <String id="240896" toolTip="" string="" />
    <String id="240897" toolTip="" string="" />
    <String id="240898" toolTip="" string="" />
    <String id="240899" toolTip="" string="" />
    <String id="240900" toolTip="" string="" />
    <String id="240901" toolTip="" string="" />
    <String id="240902" toolTip="" string="" />
    <String id="240903" toolTip="" string="" />
    <String id="240904" toolTip="" string="" />
    <String id="240905" toolTip="" string="" />
    <String id="240906" toolTip="" string="" />
    <String id="240907" toolTip="" string="" />
    <String id="240908" toolTip="" string="" />
    <String id="240909" toolTip="" string="" />
    <String id="240910" toolTip="" string="" />
    <String id="240911" toolTip="" string="" />
    <String id="240912" toolTip="" string="" />
    <String id="240913" toolTip="" string="" />
    <String id="240914" toolTip="" string="" />
    <String id="240915" toolTip="" string="" />
    <String id="240916" toolTip="" string="" />
    <String id="240917" toolTip="" string="" />
    <String id="240918" toolTip="" string="" />
    <String id="240919" toolTip="" string="" />
    <String id="240920" toolTip="" string="" />
    <String id="240921" toolTip="" string="" />
    <String id="240922" toolTip="" string="" />
    <String id="240923" toolTip="" string="" />
    <String id="240924" toolTip="" string="" />
    <String id="240925" toolTip="" string="" />
    <String id="240926" toolTip="" string="" />
    <String id="240927" toolTip="" string="" />
    <String id="240928" toolTip="" string="" />
    <String id="240929" toolTip="" string="" />
    <String id="240930" toolTip="" string="" />
    <String id="240931" toolTip="" string="" />
    <String id="240932" toolTip="" string="" />
    <String id="240933" toolTip="" string="" />
    <String id="240934" toolTip="" string="" />
    <String id="240935" toolTip="" string="" />
    <String id="240936" toolTip="" string="" />
    <String id="240937" toolTip="" string="" />
    <String id="240938" toolTip="" string="" />
    <String id="240939" toolTip="" string="" />
    <String id="240940" toolTip="" string="" />
    <String id="240941" toolTip="" string="" />
    <String id="240942" toolTip="" string="" />
    <String id="240943" toolTip="" string="" />
    <String id="240944" toolTip="" string="" />
    <String id="240945" toolTip="" string="" />
    <String id="240946" toolTip="" string="" />
    <String id="240947" toolTip="" string="" />
    <String id="240948" toolTip="" string="" />
    <String id="240949" toolTip="" string="" />
    <String id="240950" toolTip="" string="" />
    <String id="240951" toolTip="" string="" />
    <String id="240952" toolTip="" string="" />
    <String id="240953" toolTip="" string="" />
    <String id="240954" toolTip="" string="" />
    <String id="240955" toolTip="" string="" />
    <String id="240956" toolTip="" string="" />
    <String id="240957" toolTip="" string="" />
    <String id="240958" toolTip="" string="" />
    <String id="240959" toolTip="" string="" />
    <String id="240960" toolTip="" string="" />
    <String id="240961" toolTip="" string="" />
    <String id="240962" toolTip="" string="" />
    <String id="240963" toolTip="" string="" />
    <String id="240964" toolTip="" string="" />
    <String id="240965" toolTip="" string="" />
    <String id="240966" toolTip="" string="" />
    <String id="240967" toolTip="" string="" />
    <String id="240968" toolTip="" string="" />
    <String id="240969" toolTip="" string="" />
    <String id="240970" toolTip="" string="" />
    <String id="240971" toolTip="" string="" />
    <String id="240972" toolTip="" string="" />
</StrSheet_Item>
