<StrSheet_Item xmlns:xsi="http://www.w3.org/2001/XMLSchema-instance" xsi:schemaLocation="https://vezel.dev/novadrop/dc/StrSheet_Item StrSheet_Item.xsd" xmlns="https://vezel.dev/novadrop/dc/StrSheet_Item">
    <String id="370001" toolTip="+3% к HP при&lt;br&gt;уничтожении цели" string="+3% к восстановлению&lt;br&gt;HP при&lt;br&gt;уничтожении цели" />
    <String id="370002" toolTip="+4% к урону по&lt;br&gt;сбитым с ног врагам" string="+4% к урону по&lt;br&gt;сбитым с ног врагам" />
    <String id="370003" toolTip="-4% к получаемому&lt;br&gt;урону при&lt;br&gt;опрокидывании" string="-4% к получаемому&lt;br&gt;урону при&lt;br&gt;опрокидывании" />
    <String id="370004" toolTip="+3% к урону по целям&lt;br&gt;с HP ниже 30%" string="+3% к урону по целям&lt;br&gt;с HP ниже 30%" />
    <String id="370005" toolTip="-2% к урону по целям&lt;br&gt;с HP ниже 50%" string="-2% к урону по целям&lt;br&gt;с HP ниже 50%" />
    <String id="370006" toolTip="+5% к крит. урону&lt;br&gt;при атаке со спины" string="+5% к крит. урону&lt;br&gt;при атаке со спины" />
    <String id="370007" toolTip="+4% к силе атаки&lt;br&gt;с 8 уровня" string="+4% к силе атаки&lt;br&gt;с 8 уровня" />
    <String id="370008" toolTip="+1% к силе атаки" string="+1% к силе атаки" />
    <String id="370009" toolTip="+0,5% к силе атаки" string="+0,5% к силе атаки" />
    <String id="370010" toolTip="+15 к вероятности&lt;br&gt;нанесения крит. урона" string="+15 к вероятности&lt;br&gt;нанесения крит. урона" />
    <String id="370011" toolTip="+10 к вероятности&lt;br&gt;нанесения крит. урона" string="+10 к вероятности&lt;br&gt;нанесения крит. урона" />
    <String id="370012" toolTip="+0,03 к крит. урону" string="+0,03 к крит. урону" />
    <String id="370013" toolTip="+0,02 к крит. урону" string="+0,02 к крит. урону" />
    <String id="370014" toolTip="+1,5 к скорости атаки" string="+1,5 к скорости атаки" />
    <String id="370015" toolTip="+1 к скорости атаки" string="+1 к скорости атаки" />
    <String id="370016" toolTip="-1% к получаемому&lt;br&gt;урону" string="-1% к получаемому&lt;br&gt;урону" />
    <String id="370017" toolTip="-0,5% к получаемому&lt;br&gt;урону" string="-0,5% к получаемому&lt;br&gt;урону" />
    <String id="370018" toolTip="+24 к сопротивлению&lt;br&gt;крит. урону" string="+24 к сопротивлению&lt;br&gt;крит. урону" />
    <String id="370019" toolTip="+12 к сопротивлению&lt;br&gt;крит. урону" string="+12 к сопротивлению&lt;br&gt;крит. урону" />
    <String id="370020" toolTip="-0,04 к крит. урону" string="-0,04 к крит. урону" />
    <String id="370021" toolTip="-0,02 к крит. урону" string="+0,02 к крит. урону" />
    <String id="370022" toolTip="+130 HP каждые 5 сек." string="+130 HP каждые 5 сек." />
    <String id="370023" toolTip="+65 HP каждые 5 сек." string="+65 HP каждые 5 сек." />
    <String id="370024" toolTip="+700 к макс. HP" string="+700 к макс. HP" />
    <String id="370025" toolTip="+350 к макс. HP" string="+350 к макс. HP" />
    <String id="370026" toolTip="+2 к скорости&lt;br&gt;перемещения" string="+2 к скорости&lt;br&gt;перемещения" />
    <String id="370027" toolTip="+1,5 к скорости&lt;br&gt;перемещения" string="+1,5 к скорости&lt;br&gt;перемещения" />
    <String id="371101" toolTip="Хранитель мудрости Верхнего Дозора" string="Фрагмент: Рыцарь Брага" />
    <String id="371102" toolTip="Хранитель мудрости Верхнего Дозора" string="Фрагмент: Спецназовец Брага" />
    <String id="371201" toolTip="Консул Велики" string="Фрагмент: Герой Дугал" />
    <String id="371202" toolTip="Консул Велики" string="Фрагмент: Рыцарь смерти Дугал" />
    <String id="371301" toolTip="Кирийский командир" string="Фрагмент: Офицер Родос" />
    <String id="371302" toolTip="Кирийский командир" string="Фрагмент: Воодушевленный Родос" />
    <String id="371401" toolTip="Аллемантейский командир" string="Фрагмент: Незваная гостья на свадьбе Фрая" />
    <String id="371402" toolTip="Аллемантейский командир" string="Фрагмент: Прекрасная Фрая" />
    <String id="371501" toolTip="Валькионский герой" string="Фрагмент: Прекрасный Эллеон" />
    <String id="371502" toolTip="Валькионский герой" string="Фрагмент: Готовый к тренировкам Эллеон" />
    <String id="371601" toolTip="Тень Эллеона" string="Фрагмент: Черлидерша Сина" />
    <String id="371602" toolTip="Тень Эллеона" string="Фрагмент: Сина из детского сада" />
    <String id="371701" toolTip="Наемник-ветеран" string="Фрагмент: Пилот Флюкорун" />
    <String id="371702" toolTip="Наемник-ветеран" string="Фрагмент: Дурачащийся Флюкорун" />
    <String id="371801" toolTip="Представитель Велики" string="Фрагмент: Тайный агент Кьебел" />
    <String id="371802" toolTip="Представитель Велики" string="Фрагмент: Матрос Кьебел" />
    <String id="371901" toolTip="Великий маг Мистериума" string="Фрагмент: Граф Ришан" />
    <String id="371902" toolTip="Великий маг Мистериума" string="Фрагмент: Фанат стимпанка Ришан" />
    <String id="372001" toolTip="Звезда поля боя" string="Фрагмент: Горничная Нина" />
    <String id="372002" toolTip="Звезда поля боя" string="Фрагмент: Медсестра Нина" />
    <String id="372101" toolTip="Командир наемников Лунного света" string="Фрагмент: Староста Золин" />
    <String id="372102" toolTip="Командир наемников Лунного света" string="Фрагмент: Волшебница Золин" />
    <String id="372201" toolTip="Серьезная исследовательница" string="Фрагмент: Сноубордистка Астина" />
    <String id="372202" toolTip="Серьезная исследовательница" string="Фрагмент: Веселая Астина" />
    <String id="372401" toolTip="Просвещенный" string="Фрагмент: Ковбой Лухан" />
    <String id="372402" toolTip="Просвещенный" string="Фрагмент: Темный Лухан" />
    <String id="372501" toolTip="Богиня войны" string="Фрагмент: Леди Кайя" />
    <String id="372502" toolTip="Богиня войны" string="Фрагмент: Воин света Кайя" />
    <String id="372601" toolTip="Капитан Красных волков" string="Фрагмент: Капитан корабля Дикси" />
    <String id="372602" toolTip="Капитан Красных волков" string="Фрагмент: Дикси в ханбоке" />
    <String id="372901" toolTip="Бродяга" string="Фрагмент: Рэпер Шаолун" />
    <String id="372902" toolTip="Бродяга" string="Фрагмент: Босс мафии Шаолун" />
    <String id="373001" toolTip="Гениальный инженер" string="Фрагмент: Утка Уву" />
    <String id="373002" toolTip="Гениальный инженер" string="Фрагмент: Розовый медвежонок Уву" />
    <String id="373101" toolTip="Эксперт по взрывам" string="Фрагмент: Любитель поплавать Трой" />
    <String id="373102" toolTip="Эксперт по взрывам" string="Фрагмент: Проблемный студент Трой" />
    <String id="373301" toolTip="Помощник Валькионской Федерации" string="Фрагмент: Повар-лепрекон Пэйсен" />
    <String id="373302" toolTip="Помощник Валькионской Федерации" string="Фрагмент: Капитан черлидеров Пэйсен" />
    <String id="373401" toolTip="Безжалостный мясник" string="Фрагмент: Киборг Мутарр" />
    <String id="373402" toolTip="Безжалостный мясник" string="Фрагмент: Сама невинность Мутарр" />
    <String id="373501" toolTip="Боевая буря" string="Фрагмент: Ответственная за уборку Ливия" />
    <String id="373502" toolTip="Боевая буря" string="Фрагмет: Милая Ливия" />
    <String id="379001" toolTip="Хранитель мудрости Верхнего Дозора" string="Фрагмент: Брага" />
    <String id="379002" toolTip="Консул Велики" string="Фрагмент: Дугал" />
    <String id="379003" toolTip="Кирийский командир" string="Фрагмент: Родос" />
    <String id="379004" toolTip="Аллемантейский командир" string="Фрагмент: Фрая" />
    <String id="379005" toolTip="Валькионский герой" string="Фрагмент: Эллеон" />
    <String id="379006" toolTip="Тень Эллеона" string="Фрагмент: Сина" />
    <String id="379007" toolTip="Наемник-ветеран" string="Фрагмент: Флюкорун" />
    <String id="379008" toolTip="Представитель Велики" string="Фрагмент: Кьебел" />
    <String id="379009" toolTip="Великий маг Мистериума" string="Фрагмент: Ришан" />
    <String id="379010" toolTip="Звезда поля боя" string="Фрагмент: Нина" />
    <String id="379011" toolTip="Командир наемников Лунного света" string="Фрагмент: Золин" />
    <String id="379012" toolTip="Серьезная исследовательница" string="Фрагмент: Астина" />
    <String id="379014" toolTip="Просвещенный" string="Фрагмент: Лухан" />
    <String id="379015" toolTip="Богиня войны" string="Фрагмент: Кайя" />
    <String id="379016" toolTip="Капитан Красных волков" string="Фрагмент: Дикси" />
    <String id="379019" toolTip="Бродяга" string="Фрагмент: Шаолун" />
    <String id="379020" toolTip="Гениальный инженер" string="Фрагмент: Уву" />
    <String id="379021" toolTip="Эксперт по взрывам" string="Фрагмент: Трой" />
    <String id="379023" toolTip="Помощник Валькионской Федерации" string="Фрагмент: Пэйсен" />
    <String id="379024" toolTip="Безжалостный мясник" string="Фрагмент: Мутарр" />
    <String id="379025" toolTip="Боевая буря" string="Фрагменты: Ливия" />
    <String id="380001" toolTip="" string="Брага" />
    <String id="380002" toolTip="" string="Дугал" />
    <String id="380003" toolTip="" string="Родос" />
    <String id="380004" toolTip="" string="Фрая" />
    <String id="380005" toolTip="" string="Эллеон" />
    <String id="380006" toolTip="" string="Сина" />
    <String id="380007" toolTip="" string="Флюкорун" />
    <String id="380008" toolTip="" string="Кьебел" />
    <String id="380009" toolTip="" string="Ришан" />
    <String id="380010" toolTip="" string="Нина" />
    <String id="380011" toolTip="" string="Золин" />
    <String id="380012" toolTip="" string="Астина" />
    <String id="380014" toolTip="" string="Лухан" />
    <String id="380015" toolTip="" string="Кайя" />
    <String id="380016" toolTip="" string="Дикси" />
    <String id="380019" toolTip="" string="Шаолун" />
    <String id="380020" toolTip="" string="Уву" />
    <String id="380021" toolTip="" string="Трой" />
    <String id="380023" toolTip="" string="Пэйсен" />
    <String id="380024" toolTip="" string="Мутарр" />
    <String id="380025" toolTip="" string="Ливия" />
    <String id="381101" toolTip="" string="Рыцарь Брага" />
    <String id="381102" toolTip="" string="Спецназовец Брага" />
    <String id="381201" toolTip="" string="Герой Дугал" />
    <String id="381202" toolTip="" string="Рыцарь смерти Дугал" />
    <String id="381301" toolTip="" string="Офицер Родос" />
    <String id="381302" toolTip="" string="Воодушевленный Родос" />
    <String id="381401" toolTip="" string="Незваная гостья на свадьбе Фрая" />
    <String id="381402" toolTip="" string="Прекрасная Фрая" />
    <String id="381403" toolTip="" string="Фрая-фламинго" />
    <String id="381501" toolTip="" string="Прекрасный Эллеон" />
    <String id="381502" toolTip="" string="Готовый к тренировкам Эллеон" />
    <String id="381601" toolTip="" string="Черлидерша Сина" />
    <String id="381602" toolTip="" string="Сина из детского сада" />
    <String id="381701" toolTip="" string="Пилот Флюкорун" />
    <String id="381702" toolTip="" string="Дурачащийся Флюкорун" />
    <String id="381801" toolTip="" string="Тайный агент Кьебел" />
    <String id="381802" toolTip="" string="Матрос Кьебел" />
    <String id="381803" toolTip="" string="Кьебел (черная)" />
    <String id="381901" toolTip="" string="Граф Ришан" />
    <String id="381902" toolTip="" string="Фанат стимпанка Ришан" />
    <String id="382001" toolTip="" string="Горничная Нина" />
    <String id="382002" toolTip="" string="Медсестра Нина" />
    <String id="382101" toolTip="" string="Староста Золин" />
    <String id="382102" toolTip="" string="Волшебница Золин" />
    <String id="382103" toolTip="" string="Золин в униформе" />
    <String id="382201" toolTip="" string="Сноубордистка Астина" />
    <String id="382202" toolTip="" string="Веселая Астина" />
    <String id="382203" toolTip="" string="Астина (розовая)" />
    <String id="382401" toolTip="" string="Ковбой Лухан" />
    <String id="382402" toolTip="" string="Темный Лухан" />
    <String id="382403" toolTip="" string="Лухан в ханбоке" />
    <String id="382501" toolTip="" string="Леди Кайя" />
    <String id="382502" toolTip="" string="Воин света Кайя" />
    <String id="382601" toolTip="" string="Капитан корабля Дикси" />
    <String id="382602" toolTip="" string="Дикси в ханбоке" />
    <String id="382901" toolTip="" string="Рэпер Шаолун" />
    <String id="382902" toolTip="" string="Босс мафии Шаолун" />
    <String id="383001" toolTip="" string="Утка Уву" />
    <String id="383002" toolTip="" string="Розовый медвежонок Уву" />
    <String id="383101" toolTip="" string="Любитель поплавать Трой" />
    <String id="383102" toolTip="" string="Проблемный студент Трой" />
    <String id="383301" toolTip="" string="Повар-лепрекон Пэйсен" />
    <String id="383302" toolTip="" string="Капитан черлидеров Пэйсен" />
    <String id="383401" toolTip="" string="Киборг Мутарр" />
    <String id="383402" toolTip="" string="Сама невинность Мутарр" />
    <String id="383501" toolTip="" string="Ответственная за уборку Ливия" />
    <String id="383502" toolTip="" string="Милая Ливия" />
    <String id="390001" toolTip="" string="Ornament" />
    <String id="398000" toolTip="О Наборе удачи Тиката будет объявлено позже" string="Набор удачи Тиката" />
    <String id="398001" toolTip="Случайный сундук с фрагментами героев" string="Сундук с фрагментами героев" />
    <String id="398002" toolTip="При открытии вы получаете 1 фрагмент игрового героя. $BR$BRВы можете обменять собранные фрагменты на героя. Если вам достается герой, который у вас уже есть, вы можете разобрать его, чтобы получить монеты арены." string="[Battle Arena] Сундук с фрагментами героев" />
    <String id="398100" toolTip="При использовании вы получите 60 монет арены.$BRВы также получите от 600 до 100 000 счастливых билетов." string="Сумка арены Тиката" />
    <String id="398101" toolTip="При использовании вы получите 150 монет арены.$BRВы также получите от 3000 до 500 000 счастливых билетов." string="Большая сумка арены Тиката" />
    <String id="398102" toolTip="При использовании вы получите 1110 монет арены.$BRВы также получите от 23 000 до 800 000 счастливых билетов." string="Ящик арены Тиката" />
    <String id="398103" toolTip="При использовании вы получите 1860 монет арены.$BRВы также получите от 37 500 до 1 000 000 счастливых билетов." string="Большой ящик арены Тиката" />
    <String id="398200" toolTip="При использовании вы получите 10 счастливых билетов." string="[Battle Arena] Сумка Тиката (10)" />
    <String id="398201" toolTip="При использовании вы получите 100 счастливых билетов." string="[Battle Arena] Сумка Тиката (100)" />
    <String id="398202" toolTip="При использовании вы получите 1000 счастливых билетов." string="[Battle Arena] Сумка Тиката (1000)" />
    <String id="398300" toolTip="Набор Тиката (900)" string="[Battle Arena] Набор Тиката (900)" />
    <String id="398301" toolTip="Набор Тиката (10 300)" string="[Battle Arena] Набор Тиката (10 300)" />
    <String id="398302" toolTip="Набор Тиката (32 100)" string="[Battle Arena] Набор Тиката (32 100)" />
    <String id="398303" toolTip="Набор Тиката (56 000)" string="[Battle Arena] Набор Тиката (56 000)" />
    <String id="398304" toolTip="Набор Тиката (118 000)" string="[Battle Arena] Набор Тиката (118 000)" />
    <String id="398900" toolTip="При использовании вы получите 100 монет арены." string="Ящик с монетами арены (100)" />
    <String id="398901" toolTip="При использовании вы получите 300 монет арены." string="Ящик с монетами арены (300)" />
    <String id="398902" toolTip="При использовании вы получите 500 монет арены." string="Ящик с монетами арены (500)" />
    <String id="398903" toolTip="При использовании вы получите 1000 монет арены." string="Ящик с монетами арены (1000)" />
    <String id="399500" toolTip="" string="Очки опыта акаунта +100" />
    <String id="399600" toolTip="" string="Премиальный пропуск на арену" />
    <String id="399601" toolTip="" string="Супер премиальный пропуск на арену" />
    <String id="399700" toolTip="" string="Очки опыта пропуска на арену +100" />
    <String id="399701" toolTip="" string="Очки опыта пропуска на арену +300" />
    <String id="399702" toolTip="" string="Очки опыта пропуска на арену +20" />
    <String id="399900" toolTip="Монета арены" string="МА" />
    <String id="399901" toolTip="" string="Жетон пропуска на арену" />
</StrSheet_Item>
