<StrSheet_Item xmlns:xsi="http://www.w3.org/2001/XMLSchema-instance" xsi:schemaLocation="https://vezel.dev/novadrop/dc/StrSheet_Item StrSheet_Item.xsd" xmlns="https://vezel.dev/novadrop/dc/StrSheet_Item">
    <String id="243000" toolTip="" string="" />
    <String id="243001" toolTip="" string="" />
    <String id="243002" toolTip="" string="" />
    <String id="243003" toolTip="" string="" />
    <String id="243004" toolTip="" string="" />
    <String id="243005" toolTip="" string="" />
    <String id="243006" toolTip="" string="" />
    <String id="243007" toolTip="" string="" />
    <String id="243008" toolTip="" string="" />
    <String id="243009" toolTip="" string="" />
    <String id="243010" toolTip="" string="" />
    <String id="243011" toolTip="" string="" />
    <String id="243012" toolTip="" string="" />
    <String id="243013" toolTip="" string="" />
    <String id="243014" toolTip="" string="" />
    <String id="243015" toolTip="" string="" />
    <String id="243016" toolTip="" string="" />
    <String id="243017" toolTip="" string="" />
    <String id="243018" toolTip="" string="" />
    <String id="243019" toolTip="" string="" />
    <String id="243020" toolTip="" string="" />
    <String id="243021" toolTip="" string="" />
    <String id="243022" toolTip="" string="" />
    <String id="243023" toolTip="" string="" />
    <String id="243024" toolTip="" string="" />
    <String id="243025" toolTip="" string="" />
    <String id="243026" toolTip="" string="" />
    <String id="243027" toolTip="" string="" />
    <String id="243028" toolTip="" string="" />
    <String id="243029" toolTip="" string="" />
    <String id="243030" toolTip="" string="" />
    <String id="243031" toolTip="" string="" />
    <String id="243032" toolTip="" string="" />
    <String id="243033" toolTip="" string="" />
    <String id="243034" toolTip="" string="" />
    <String id="243035" toolTip="" string="" />
    <String id="243036" toolTip="" string="" />
    <String id="243037" toolTip="" string="" />
    <String id="243038" toolTip="" string="" />
    <String id="243039" toolTip="" string="" />
    <String id="243040" toolTip="" string="" />
    <String id="243041" toolTip="" string="" />
    <String id="243042" toolTip="" string="" />
    <String id="243043" toolTip="" string="" />
    <String id="243044" toolTip="" string="" />
    <String id="243045" toolTip="" string="" />
    <String id="243046" toolTip="" string="" />
    <String id="243047" toolTip="" string="" />
    <String id="243048" toolTip="" string="" />
    <String id="243049" toolTip="" string="" />
    <String id="243050" toolTip="" string="" />
    <String id="243051" toolTip="" string="" />
    <String id="243052" toolTip="" string="" />
    <String id="243053" toolTip="" string="" />
    <String id="243054" toolTip="" string="" />
    <String id="243055" toolTip="" string="" />
    <String id="243056" toolTip="" string="" />
    <String id="243057" toolTip="" string="" />
    <String id="243058" toolTip="" string="" />
    <String id="243059" toolTip="" string="" />
    <String id="243060" toolTip="" string="" />
    <String id="243061" toolTip="" string="" />
    <String id="243062" toolTip="" string="" />
    <String id="243063" toolTip="" string="" />
    <String id="243064" toolTip="" string="" />
    <String id="243065" toolTip="" string="" />
    <String id="243066" toolTip="" string="" />
    <String id="243067" toolTip="" string="" />
    <String id="243068" toolTip="" string="" />
    <String id="243069" toolTip="" string="" />
    <String id="243070" toolTip="" string="" />
    <String id="243071" toolTip="" string="" />
    <String id="243072" toolTip="" string="" />
    <String id="243073" toolTip="" string="" />
    <String id="243074" toolTip="" string="" />
    <String id="243075" toolTip="" string="" />
    <String id="243076" toolTip="" string="" />
    <String id="243077" toolTip="" string="" />
    <String id="243078" toolTip="" string="" />
    <String id="243079" toolTip="" string="" />
    <String id="243080" toolTip="" string="" />
    <String id="243081" toolTip="" string="" />
    <String id="243082" toolTip="" string="" />
    <String id="243083" toolTip="" string="" />
    <String id="243084" toolTip="" string="" />
    <String id="243085" toolTip="" string="" />
    <String id="243086" toolTip="" string="" />
    <String id="243087" toolTip="" string="" />
    <String id="243088" toolTip="" string="" />
    <String id="243089" toolTip="" string="" />
    <String id="243090" toolTip="" string="" />
    <String id="243091" toolTip="" string="" />
    <String id="243092" toolTip="" string="" />
    <String id="243093" toolTip="" string="" />
    <String id="243094" toolTip="" string="" />
    <String id="243095" toolTip="" string="" />
    <String id="243096" toolTip="" string="" />
    <String id="243097" toolTip="" string="" />
    <String id="243098" toolTip="" string="" />
    <String id="243099" toolTip="" string="" />
    <String id="243100" toolTip="" string="" />
    <String id="243101" toolTip="" string="" />
    <String id="243102" toolTip="" string="" />
    <String id="243103" toolTip="" string="" />
    <String id="243104" toolTip="" string="" />
    <String id="243105" toolTip="" string="" />
    <String id="243106" toolTip="" string="" />
    <String id="243107" toolTip="" string="" />
    <String id="243108" toolTip="" string="" />
    <String id="243109" toolTip="" string="" />
    <String id="243110" toolTip="" string="" />
    <String id="243111" toolTip="" string="" />
    <String id="243112" toolTip="" string="" />
    <String id="243113" toolTip="" string="" />
    <String id="243114" toolTip="" string="" />
    <String id="243115" toolTip="" string="" />
    <String id="243116" toolTip="" string="" />
    <String id="243117" toolTip="" string="" />
    <String id="243118" toolTip="" string="" />
    <String id="243119" toolTip="" string="" />
    <String id="243120" toolTip="" string="" />
    <String id="243121" toolTip="" string="" />
    <String id="243122" toolTip="" string="" />
    <String id="243123" toolTip="" string="" />
    <String id="243124" toolTip="" string="" />
    <String id="243125" toolTip="" string="" />
    <String id="243126" toolTip="" string="" />
    <String id="243127" toolTip="" string="" />
    <String id="243128" toolTip="" string="" />
    <String id="243129" toolTip="" string="" />
    <String id="243130" toolTip="" string="" />
    <String id="243131" toolTip="" string="" />
    <String id="243132" toolTip="" string="" />
    <String id="243133" toolTip="" string="" />
    <String id="243134" toolTip="" string="" />
    <String id="243135" toolTip="" string="" />
    <String id="243136" toolTip="" string="" />
    <String id="243137" toolTip="" string="" />
    <String id="243138" toolTip="" string="" />
    <String id="243139" toolTip="" string="" />
    <String id="243140" toolTip="" string="" />
    <String id="243141" toolTip="" string="" />
    <String id="243142" toolTip="" string="" />
    <String id="243143" toolTip="" string="" />
    <String id="243144" toolTip="" string="" />
    <String id="243145" toolTip="" string="" />
    <String id="243146" toolTip="" string="" />
    <String id="243147" toolTip="" string="" />
    <String id="243148" toolTip="" string="" />
    <String id="243149" toolTip="" string="" />
    <String id="243150" toolTip="" string="" />
    <String id="243151" toolTip="" string="" />
    <String id="243152" toolTip="" string="" />
    <String id="243153" toolTip="" string="" />
    <String id="243154" toolTip="" string="" />
    <String id="243155" toolTip="" string="" />
    <String id="243156" toolTip="" string="" />
    <String id="243157" toolTip="" string="" />
    <String id="243158" toolTip="" string="" />
    <String id="243159" toolTip="" string="" />
    <String id="243160" toolTip="" string="" />
    <String id="243161" toolTip="" string="" />
    <String id="243162" toolTip="" string="" />
    <String id="243163" toolTip="" string="" />
    <String id="243164" toolTip="" string="" />
    <String id="243165" toolTip="" string="" />
    <String id="243166" toolTip="" string="" />
    <String id="243167" toolTip="" string="" />
    <String id="243168" toolTip="" string="" />
    <String id="243169" toolTip="" string="" />
    <String id="243170" toolTip="" string="" />
    <String id="243171" toolTip="" string="" />
    <String id="243172" toolTip="" string="" />
    <String id="243173" toolTip="" string="" />
    <String id="243174" toolTip="" string="" />
    <String id="243175" toolTip="" string="" />
    <String id="243176" toolTip="" string="" />
    <String id="243177" toolTip="" string="" />
    <String id="243178" toolTip="" string="" />
    <String id="243179" toolTip="" string="" />
    <String id="243180" toolTip="" string="" />
    <String id="243181" toolTip="" string="" />
    <String id="243182" toolTip="" string="" />
    <String id="243183" toolTip="" string="" />
    <String id="243184" toolTip="" string="" />
    <String id="243185" toolTip="" string="" />
    <String id="243186" toolTip="" string="" />
    <String id="243187" toolTip="" string="" />
    <String id="243188" toolTip="" string="" />
    <String id="243189" toolTip="" string="" />
    <String id="243190" toolTip="" string="" />
    <String id="243191" toolTip="" string="" />
    <String id="243192" toolTip="" string="" />
    <String id="243193" toolTip="" string="" />
    <String id="243194" toolTip="" string="" />
    <String id="243195" toolTip="" string="" />
    <String id="243196" toolTip="" string="" />
    <String id="243197" toolTip="" string="" />
    <String id="243198" toolTip="" string="" />
    <String id="243199" toolTip="" string="" />
    <String id="243200" toolTip="" string="" />
    <String id="243201" toolTip="" string="" />
    <String id="243202" toolTip="" string="" />
    <String id="243203" toolTip="" string="" />
    <String id="243204" toolTip="" string="" />
    <String id="243205" toolTip="" string="" />
    <String id="243206" toolTip="" string="" />
    <String id="243207" toolTip="" string="" />
    <String id="243208" toolTip="" string="" />
    <String id="243209" toolTip="" string="" />
    <String id="243210" toolTip="" string="" />
    <String id="243211" toolTip="" string="" />
    <String id="243212" toolTip="" string="" />
    <String id="243213" toolTip="" string="" />
    <String id="243214" toolTip="" string="" />
    <String id="243215" toolTip="" string="" />
    <String id="243216" toolTip="" string="" />
    <String id="243217" toolTip="" string="" />
    <String id="243218" toolTip="" string="" />
    <String id="243219" toolTip="" string="" />
    <String id="243220" toolTip="" string="" />
    <String id="243221" toolTip="" string="" />
    <String id="243222" toolTip="" string="" />
    <String id="243223" toolTip="" string="" />
    <String id="243224" toolTip="" string="" />
    <String id="243225" toolTip="" string="" />
    <String id="243226" toolTip="" string="" />
    <String id="243227" toolTip="" string="" />
    <String id="243228" toolTip="" string="" />
    <String id="243229" toolTip="" string="" />
    <String id="243230" toolTip="" string="" />
    <String id="243231" toolTip="" string="" />
    <String id="243232" toolTip="" string="" />
    <String id="243233" toolTip="" string="" />
    <String id="243234" toolTip="" string="" />
    <String id="243235" toolTip="" string="" />
    <String id="243236" toolTip="" string="" />
    <String id="243237" toolTip="" string="" />
    <String id="243238" toolTip="" string="" />
    <String id="243239" toolTip="" string="" />
    <String id="243240" toolTip="" string="" />
    <String id="243241" toolTip="" string="" />
    <String id="243242" toolTip="" string="" />
    <String id="243243" toolTip="" string="" />
    <String id="243244" toolTip="" string="" />
    <String id="243245" toolTip="" string="" />
    <String id="243246" toolTip="" string="" />
    <String id="243247" toolTip="" string="" />
    <String id="243248" toolTip="" string="" />
    <String id="243249" toolTip="" string="" />
    <String id="243250" toolTip="" string="" />
    <String id="243251" toolTip="" string="" />
    <String id="243252" toolTip="" string="" />
    <String id="243253" toolTip="" string="" />
    <String id="243254" toolTip="" string="" />
    <String id="243255" toolTip="" string="" />
    <String id="243256" toolTip="" string="" />
    <String id="243257" toolTip="" string="" />
    <String id="243258" toolTip="" string="" />
    <String id="243259" toolTip="" string="" />
    <String id="243260" toolTip="" string="" />
    <String id="243261" toolTip="" string="" />
    <String id="243262" toolTip="" string="" />
    <String id="243263" toolTip="" string="" />
    <String id="243264" toolTip="" string="" />
    <String id="243265" toolTip="" string="" />
    <String id="243266" toolTip="" string="" />
    <String id="243267" toolTip="" string="" />
    <String id="243268" toolTip="" string="" />
    <String id="243269" toolTip="" string="" />
    <String id="243270" toolTip="" string="" />
    <String id="243271" toolTip="" string="" />
    <String id="243272" toolTip="" string="" />
    <String id="243273" toolTip="" string="" />
    <String id="243274" toolTip="" string="" />
    <String id="243275" toolTip="" string="" />
    <String id="243276" toolTip="" string="" />
    <String id="243277" toolTip="" string="" />
    <String id="243278" toolTip="" string="" />
    <String id="243279" toolTip="" string="" />
    <String id="243280" toolTip="" string="" />
    <String id="243281" toolTip="" string="" />
    <String id="243282" toolTip="" string="" />
    <String id="243283" toolTip="" string="" />
    <String id="243284" toolTip="" string="" />
    <String id="243285" toolTip="" string="" />
    <String id="243286" toolTip="" string="" />
    <String id="243287" toolTip="" string="" />
    <String id="243288" toolTip="" string="" />
    <String id="243289" toolTip="" string="" />
    <String id="243290" toolTip="" string="" />
    <String id="243291" toolTip="" string="" />
    <String id="243292" toolTip="" string="" />
    <String id="243293" toolTip="" string="" />
    <String id="243294" toolTip="" string="" />
    <String id="243295" toolTip="" string="" />
    <String id="243296" toolTip="" string="" />
    <String id="243297" toolTip="" string="" />
    <String id="243298" toolTip="" string="" />
    <String id="243299" toolTip="" string="" />
    <String id="243300" toolTip="" string="" />
    <String id="243301" toolTip="" string="" />
    <String id="243302" toolTip="" string="" />
    <String id="243303" toolTip="" string="" />
    <String id="243304" toolTip="" string="" />
    <String id="243305" toolTip="" string="" />
    <String id="243306" toolTip="" string="" />
    <String id="243307" toolTip="" string="" />
    <String id="243308" toolTip="" string="" />
    <String id="243309" toolTip="" string="" />
    <String id="243310" toolTip="" string="" />
    <String id="243311" toolTip="" string="" />
    <String id="243312" toolTip="" string="" />
    <String id="243313" toolTip="" string="" />
    <String id="243314" toolTip="" string="" />
    <String id="243315" toolTip="" string="" />
    <String id="243316" toolTip="" string="" />
    <String id="243317" toolTip="" string="" />
    <String id="243318" toolTip="" string="" />
    <String id="243319" toolTip="" string="" />
    <String id="243320" toolTip="" string="" />
    <String id="243321" toolTip="" string="" />
    <String id="243322" toolTip="" string="" />
    <String id="243323" toolTip="" string="" />
    <String id="243324" toolTip="" string="" />
    <String id="243325" toolTip="" string="" />
    <String id="243326" toolTip="" string="" />
    <String id="243327" toolTip="" string="" />
    <String id="243328" toolTip="" string="" />
    <String id="243329" toolTip="" string="" />
    <String id="243330" toolTip="" string="" />
    <String id="243331" toolTip="" string="" />
    <String id="243332" toolTip="" string="" />
    <String id="243333" toolTip="" string="" />
    <String id="243334" toolTip="" string="" />
    <String id="243335" toolTip="" string="" />
    <String id="243336" toolTip="" string="" />
    <String id="243337" toolTip="" string="" />
    <String id="243338" toolTip="" string="" />
    <String id="243339" toolTip="" string="" />
    <String id="243340" toolTip="" string="" />
    <String id="243341" toolTip="" string="" />
    <String id="243342" toolTip="" string="" />
    <String id="243343" toolTip="" string="" />
    <String id="243344" toolTip="" string="" />
    <String id="243345" toolTip="" string="" />
    <String id="243346" toolTip="" string="" />
    <String id="243347" toolTip="" string="" />
    <String id="243348" toolTip="" string="" />
    <String id="243349" toolTip="" string="" />
    <String id="243350" toolTip="" string="" />
    <String id="243351" toolTip="" string="" />
    <String id="243352" toolTip="" string="" />
    <String id="243353" toolTip="" string="" />
    <String id="243354" toolTip="" string="" />
    <String id="243355" toolTip="" string="" />
    <String id="243356" toolTip="" string="" />
    <String id="243357" toolTip="" string="" />
    <String id="243358" toolTip="" string="" />
    <String id="243359" toolTip="" string="" />
    <String id="243360" toolTip="" string="" />
    <String id="243361" toolTip="" string="" />
    <String id="243362" toolTip="" string="" />
    <String id="243363" toolTip="" string="" />
    <String id="243364" toolTip="" string="" />
    <String id="243365" toolTip="" string="" />
    <String id="243366" toolTip="" string="" />
    <String id="243367" toolTip="" string="" />
    <String id="243368" toolTip="" string="" />
    <String id="243369" toolTip="" string="" />
    <String id="243370" toolTip="" string="" />
    <String id="243371" toolTip="" string="" />
    <String id="243372" toolTip="" string="" />
    <String id="243373" toolTip="" string="" />
    <String id="243374" toolTip="" string="" />
    <String id="243375" toolTip="" string="" />
    <String id="243376" toolTip="" string="" />
    <String id="243377" toolTip="" string="" />
    <String id="243378" toolTip="" string="" />
    <String id="243379" toolTip="" string="" />
    <String id="243380" toolTip="" string="" />
    <String id="243381" toolTip="" string="" />
    <String id="243382" toolTip="" string="" />
    <String id="243383" toolTip="" string="" />
    <String id="243384" toolTip="" string="" />
    <String id="243385" toolTip="" string="" />
    <String id="243386" toolTip="" string="" />
    <String id="243387" toolTip="" string="" />
    <String id="243388" toolTip="" string="" />
    <String id="243389" toolTip="" string="" />
    <String id="243390" toolTip="" string="" />
    <String id="243391" toolTip="" string="" />
    <String id="243392" toolTip="" string="" />
    <String id="243393" toolTip="" string="" />
    <String id="243394" toolTip="" string="" />
    <String id="243395" toolTip="" string="" />
    <String id="243396" toolTip="" string="" />
    <String id="243397" toolTip="" string="" />
    <String id="243398" toolTip="" string="" />
    <String id="243399" toolTip="" string="" />
    <String id="243400" toolTip="" string="" />
    <String id="243401" toolTip="" string="" />
    <String id="243402" toolTip="" string="" />
    <String id="243403" toolTip="" string="" />
    <String id="243404" toolTip="" string="" />
    <String id="243405" toolTip="" string="" />
    <String id="243406" toolTip="" string="" />
    <String id="243407" toolTip="" string="" />
    <String id="243408" toolTip="" string="" />
    <String id="243409" toolTip="" string="" />
    <String id="243410" toolTip="" string="" />
    <String id="243411" toolTip="" string="" />
    <String id="243412" toolTip="" string="" />
    <String id="243413" toolTip="" string="" />
    <String id="243414" toolTip="" string="" />
    <String id="243415" toolTip="" string="" />
    <String id="243416" toolTip="" string="" />
    <String id="243417" toolTip="" string="" />
    <String id="243418" toolTip="" string="" />
    <String id="243419" toolTip="" string="" />
    <String id="243420" toolTip="" string="" />
    <String id="243421" toolTip="" string="" />
    <String id="243422" toolTip="" string="" />
    <String id="243423" toolTip="" string="" />
    <String id="243424" toolTip="" string="" />
    <String id="243425" toolTip="" string="" />
    <String id="243426" toolTip="" string="" />
    <String id="243427" toolTip="" string="" />
    <String id="243428" toolTip="" string="" />
    <String id="243429" toolTip="" string="" />
    <String id="243430" toolTip="" string="" />
    <String id="243431" toolTip="" string="" />
    <String id="243432" toolTip="" string="" />
    <String id="243433" toolTip="" string="" />
    <String id="243434" toolTip="" string="" />
    <String id="243435" toolTip="" string="" />
    <String id="243436" toolTip="" string="" />
    <String id="243437" toolTip="" string="" />
    <String id="243438" toolTip="" string="" />
    <String id="243439" toolTip="" string="" />
    <String id="243440" toolTip="" string="" />
    <String id="243441" toolTip="" string="" />
    <String id="243442" toolTip="" string="" />
    <String id="243443" toolTip="" string="" />
    <String id="243444" toolTip="" string="" />
    <String id="243445" toolTip="" string="" />
    <String id="243446" toolTip="" string="" />
    <String id="243447" toolTip="" string="" />
    <String id="243448" toolTip="" string="" />
    <String id="243449" toolTip="" string="" />
    <String id="243450" toolTip="" string="" />
    <String id="243451" toolTip="" string="" />
    <String id="243452" toolTip="" string="" />
    <String id="243453" toolTip="" string="" />
    <String id="243454" toolTip="" string="" />
    <String id="243455" toolTip="" string="" />
    <String id="243456" toolTip="" string="" />
    <String id="243457" toolTip="" string="" />
    <String id="243458" toolTip="" string="" />
    <String id="243459" toolTip="" string="" />
    <String id="243460" toolTip="" string="" />
    <String id="243461" toolTip="" string="" />
    <String id="243462" toolTip="" string="" />
    <String id="243463" toolTip="" string="" />
    <String id="243464" toolTip="" string="" />
    <String id="243465" toolTip="" string="" />
    <String id="243466" toolTip="" string="" />
    <String id="243467" toolTip="" string="" />
    <String id="243468" toolTip="" string="" />
    <String id="243469" toolTip="" string="" />
    <String id="243470" toolTip="" string="" />
    <String id="243471" toolTip="" string="" />
    <String id="243472" toolTip="" string="" />
    <String id="243473" toolTip="" string="" />
    <String id="243474" toolTip="" string="" />
    <String id="243475" toolTip="" string="" />
    <String id="243476" toolTip="" string="" />
    <String id="243477" toolTip="" string="" />
    <String id="243478" toolTip="" string="" />
    <String id="243479" toolTip="" string="" />
    <String id="243480" toolTip="" string="" />
    <String id="243481" toolTip="" string="" />
    <String id="243482" toolTip="" string="" />
    <String id="243483" toolTip="" string="" />
    <String id="243484" toolTip="" string="" />
    <String id="243485" toolTip="" string="" />
    <String id="243486" toolTip="" string="" />
    <String id="243487" toolTip="" string="" />
    <String id="243488" toolTip="" string="" />
    <String id="243489" toolTip="" string="" />
    <String id="243490" toolTip="" string="" />
    <String id="243491" toolTip="" string="" />
    <String id="243492" toolTip="" string="" />
    <String id="243493" toolTip="" string="" />
    <String id="243494" toolTip="" string="" />
    <String id="243495" toolTip="" string="" />
    <String id="243496" toolTip="" string="" />
    <String id="243497" toolTip="" string="" />
    <String id="243498" toolTip="" string="" />
    <String id="243499" toolTip="" string="" />
    <String id="243500" toolTip="" string="" />
    <String id="243501" toolTip="" string="" />
    <String id="243502" toolTip="" string="" />
    <String id="243503" toolTip="可以獲得玄?旗袍時裝的箱子。" string="玄?旗袍時裝箱子[女生專用]" />
    <String id="243504" toolTip="可以獲得[染色] ?仙旗袍時裝的箱子。" string="[染色] ?仙旗袍時裝箱子[女生專用]" />
    <String id="243505" toolTip="可以獲得對應種族及性別聖誕經典時裝箱子時裝的箱子。" string="聖誕經典時裝箱子" />
    <String id="243506" toolTip="" string="" />
    <String id="243507" toolTip="" string="" />
    <String id="243508" toolTip="" string="" />
    <String id="243509" toolTip="" string="" />
    <String id="243510" toolTip="" string="" />
    <String id="243511" toolTip="" string="" />
    <String id="243512" toolTip="" string="" />
    <String id="243513" toolTip="" string="" />
    <String id="243514" toolTip="" string="" />
    <String id="243515" toolTip="" string="" />
    <String id="243516" toolTip="" string="" />
    <String id="243517" toolTip="" string="" />
    <String id="243518" toolTip="" string="" />
    <String id="243519" toolTip="" string="" />
    <String id="243520" toolTip="" string="" />
    <String id="243521" toolTip="" string="" />
    <String id="243522" toolTip="" string="" />
    <String id="243523" toolTip="" string="" />
    <String id="243524" toolTip="" string="" />
    <String id="243525" toolTip="" string="" />
    <String id="243526" toolTip="" string="" />
    <String id="243527" toolTip="" string="" />
    <String id="243528" toolTip="" string="" />
    <String id="243529" toolTip="" string="" />
    <String id="243530" toolTip="" string="" />
    <String id="243531" toolTip="" string="" />
    <String id="243532" toolTip="" string="" />
    <String id="243533" toolTip="" string="" />
    <String id="243534" toolTip="" string="" />
    <String id="243535" toolTip="" string="" />
    <String id="243536" toolTip="" string="" />
    <String id="243537" toolTip="" string="" />
    <String id="243538" toolTip="" string="" />
    <String id="243539" toolTip="" string="" />
    <String id="243540" toolTip="" string="" />
    <String id="243541" toolTip="" string="" />
    <String id="243542" toolTip="" string="" />
    <String id="243543" toolTip="" string="" />
    <String id="243544" toolTip="" string="" />
    <String id="243545" toolTip="" string="" />
    <String id="243546" toolTip="" string="" />
    <String id="243547" toolTip="" string="" />
    <String id="243548" toolTip="" string="" />
    <String id="243549" toolTip="" string="" />
    <String id="243550" toolTip="" string="" />
    <String id="243551" toolTip="" string="" />
    <String id="243552" toolTip="" string="" />
    <String id="243553" toolTip="" string="" />
    <String id="243554" toolTip="" string="" />
    <String id="243555" toolTip="" string="" />
    <String id="243556" toolTip="" string="" />
    <String id="243557" toolTip="" string="" />
    <String id="243558" toolTip="" string="" />
    <String id="243559" toolTip="" string="" />
    <String id="243560" toolTip="" string="" />
    <String id="243561" toolTip="" string="" />
    <String id="243562" toolTip="" string="" />
    <String id="243563" toolTip="" string="" />
    <String id="243564" toolTip="" string="" />
    <String id="243565" toolTip="" string="" />
    <String id="243566" toolTip="" string="" />
    <String id="243567" toolTip="" string="" />
    <String id="243568" toolTip="" string="" />
    <String id="243569" toolTip="" string="" />
    <String id="243570" toolTip="" string="" />
    <String id="243571" toolTip="" string="" />
    <String id="243572" toolTip="" string="" />
    <String id="243573" toolTip="" string="" />
    <String id="243574" toolTip="" string="" />
    <String id="243575" toolTip="" string="" />
    <String id="243576" toolTip="" string="" />
    <String id="243577" toolTip="" string="" />
    <String id="243578" toolTip="" string="" />
    <String id="243579" toolTip="" string="" />
    <String id="243580" toolTip="" string="" />
    <String id="243581" toolTip="" string="" />
    <String id="243582" toolTip="" string="" />
    <String id="243583" toolTip="" string="" />
    <String id="243584" toolTip="" string="" />
    <String id="243585" toolTip="" string="" />
    <String id="243586" toolTip="" string="" />
    <String id="243587" toolTip="" string="" />
    <String id="243588" toolTip="" string="" />
    <String id="243589" toolTip="" string="" />
    <String id="243590" toolTip="" string="" />
    <String id="243591" toolTip="" string="" />
    <String id="243592" toolTip="" string="" />
    <String id="243593" toolTip="" string="" />
    <String id="243594" toolTip="" string="" />
    <String id="243595" toolTip="" string="" />
    <String id="243596" toolTip="" string="" />
    <String id="243597" toolTip="" string="" />
    <String id="243598" toolTip="" string="" />
    <String id="243599" toolTip="" string="" />
    <String id="243600" toolTip="" string="" />
    <String id="243601" toolTip="" string="" />
    <String id="243602" toolTip="" string="" />
    <String id="243603" toolTip="" string="" />
</StrSheet_Item>
