<StrSheet_Item xmlns:xsi="http://www.w3.org/2001/XMLSchema-instance" xsi:schemaLocation="https://vezel.dev/novadrop/dc/StrSheet_Item StrSheet_Item.xsd" xmlns="https://vezel.dev/novadrop/dc/StrSheet_Item">
    <String id="370001" toolTip="Recovers +3% HP upon killing an enemy." string="HP Recovery&lt;br&gt;Upon Kill +3%" />
    <String id="370002" toolTip="Increases damage by 4% against knocked-down enemies." string="+4% Damage Against&lt;br&gt;Knocked-Down Enemies" />
    <String id="370003" toolTip="Decreases damage received when knocked down by 4%." string="Damage Reduction&lt;br&gt;While Knocked Down -4%" />
    <String id="370004" toolTip="Increases damage by 3% against enemies below 30% HP." string="+3% Damage Against&lt;br&gt;Enemies Below 30% HP" />
    <String id="370005" toolTip="Decreases damage received by 2% when HP falls below 50%." string="-2% Damage Below 50% HP" />
    <String id="370006" toolTip="Increases Crit Power by 5% when attacking from behind." string="+5% Crit Power When&lt;br&gt;Attacking From Behind" />
    <String id="370007" toolTip="Increases Attack by 4% when your level is 8 or above." string="Attack Increase&lt;br&gt;(Level 8+) +4%" />
    <String id="370008" toolTip="Increases Attack by 1%." string="Attack Bonus +1%" />
    <String id="370009" toolTip="Increases Attack by 0.5%." string="Attack Bonus +0.5%" />
    <String id="370010" toolTip="Increases Crit Factor by 15." string="Crit Factor Bonus +15" />
    <String id="370011" toolTip="Increases Crit Factor by 10." string="Crit Factor Bonus +10" />
    <String id="370012" toolTip="Increases Crit Power by 0.03." string="Crit Power Bonus +0.03" />
    <String id="370013" toolTip="Increases Crit Power by 0.02." string="Crit Power Bonus +0.02" />
    <String id="370014" toolTip="Increases Attack Speed by 1.5." string="Attack Speed Bonus +1.5" />
    <String id="370015" toolTip="Increases Attack Speed by 1." string="Attack Speed Bonus +1" />
    <String id="370016" toolTip="Decreases damage received by 1%." string="Damage Reduction&lt;br&gt;Bonus +1%" />
    <String id="370017" toolTip="Decreases damage received by 0.5%." string="Damage Reduction&lt;br&gt;Bonus +0.5%" />
    <String id="370018" toolTip="Increases Crit Resist Factor by 24." string="Crit Resist&lt;br&gt;Factor Bonus +24" />
    <String id="370019" toolTip="Increases Crit Resist Factor by 12." string="Crit Resist&lt;br&gt;Factor Bonus +12" />
    <String id="370020" toolTip="Decreases Crit Damage received by 0.04." string="Crit Damage&lt;br&gt;Reduction Bonus +0.04" />
    <String id="370021" toolTip="Decreases Crit Damage received by 0.02." string="Crit Damage&lt;br&gt;Reduction +0.02" />
    <String id="370022" toolTip="Recovers 130 HP per 5 seconds." string="HP Regen per 5 Sec +130" />
    <String id="370023" toolTip="Recovers 65 HP per 5 seconds." string="HP Regen per 5 Sec +65" />
    <String id="370024" toolTip="Increases Max HP by 700." string="Max HP Bonus +700" />
    <String id="370025" toolTip="Increases Max HP by 350." string="Max HP Bonus +350" />
    <String id="370026" toolTip="Increases Movement Speed by 2." string="Movement Bonus +2" />
    <String id="370027" toolTip="Increases Movement Speed by 1.5." string="Movement Bonus +1.5" />
    <String id="371101" toolTip="Wiseguard" string="Medieval Knight Braga Fragment" />
    <String id="371102" toolTip="Wiseguard" string="SWAT Braga Fragment" />
    <String id="371201" toolTip="Velika Garrison Consul" string="Hero Dougal Fragment" />
    <String id="371202" toolTip="Velika Garrison Consul" string="Death Knight Dougal Fragment" />
    <String id="371301" toolTip="Khirian Commander" string="Fragment: Officer Rhodos" />
    <String id="371302" toolTip="Khirian Commander" string="Fragment: Passionate Rhodos" />
    <String id="371401" toolTip="Commander of Allemantheia" string="Pool Party Fraya Fragment" />
    <String id="371402" toolTip="Commander of Allemantheia" string="Shirt Fraya Fragment" />
    <String id="371501" toolTip="Valkyon Federation Hero" string="Tailcoat Elleon Fragment" />
    <String id="371502" toolTip="Valkyon Federation Hero" string="Sportswear Elleon Fragment" />
    <String id="371601" toolTip="Shadow of Elinu" string="Cheerleader Shizuna Fragment" />
    <String id="371602" toolTip="Shadow of Elinu" string="Skilled Cadet Shizuna Fragment" />
    <String id="371701" toolTip="Veteran Mercenary" string="Pilot Teolung Fragment" />
    <String id="371702" toolTip="Veteran Mercenary" string="Clown Teolung Fragment" />
    <String id="371801" toolTip="Agent of Velik" string="Secret Agent Ciebel Fragment" />
    <String id="371802" toolTip="Agent of Velik" string="Sailor Ciebel Fragment" />
    <String id="371901" toolTip="Master Sorcerer" string="Count Ryshan Fragment" />
    <String id="371902" toolTip="Master Sorcerer" string="Steampunk Ryshan Fragment" />
    <String id="372001" toolTip="Battlefield Star" string="Fragment: Maid Niniel" />
    <String id="372002" toolTip="Battlefield Star" string="Fragment: Nurse Niniel" />
    <String id="372101" toolTip="Paraanon Protectors" string="Student Councilor Zolyn Fragment" />
    <String id="372102" toolTip="Paraanon Protectors" string="Magician Zolyn Fragment" />
    <String id="372201" toolTip="Seeker of Truth" string="Snowboarder Astina Fragment" />
    <String id="372202" toolTip="Seeker of Truth" string="TGIF Astina Fragment" />
    <String id="372401" toolTip="Troubled Scholar" string="Cowboy Erhaan Fragment" />
    <String id="372402" toolTip="Troubled Scholar" string="Dark Erhaan Fragment" />
    <String id="372501" toolTip="Goddess of War" string="Fragment: Dragon Knight Kaia" />
    <String id="372502" toolTip="Goddess of War" string="Fragment: Light Warrior Kaia" />
    <String id="372601" toolTip="Crimson Wolf Pirate" string="Sky Captain Dixie Fragment" />
    <String id="372602" toolTip="Crimson Wolf Pirate" string="Hanbok Dixie Fragment" />
    <String id="372901" toolTip="Wandering Martial Artist" string="Hiphop Shaoron Fragment" />
    <String id="372902" toolTip="Wandering Martial Artist" string="Serious Business Shaoron Fragment" />
    <String id="373001" toolTip="Prodigal Gunner" string="Duck Woopu Fragment" />
    <String id="373002" toolTip="Prodigal Gunner" string="Pink Bear Woopu Fragment" />
    <String id="373101" toolTip="Explosives Expert" string="Pool Titus Fragment" />
    <String id="373102" toolTip="Explosives Expert" string="Bully Titus Fragment" />
    <String id="373301" toolTip="Federation Engineer" string="Goblin Chef Paesyn Fragment" />
    <String id="373302" toolTip="Federation Engineer" string="Yell Leader Paesyn Fragment" />
    <String id="373401" toolTip="Ruthless Slayer" string="Robot Mutar Fragment" />
    <String id="373402" toolTip="Ruthless Slayer" string="Fasting Mutar Fragment" />
    <String id="373501" toolTip="Storm of the Battlefield" string="Master Cleaner Liwon Fragment" />
    <String id="373502" toolTip="Storm of the Battlefield" string="Innocent Student Liwon Fragment" />
    <String id="379001" toolTip="Wiseguard" string="Braga Fragment" />
    <String id="379002" toolTip="Velika Garrison Consul" string="Dougal Fragment" />
    <String id="379003" toolTip="Khirian Commander" string="Fragment: Rhodos" />
    <String id="379004" toolTip="Commander of Allemantheia" string="Fraya Fragment" />
    <String id="379005" toolTip="Valkyon Federation Hero" string="Elleon Fragment" />
    <String id="379006" toolTip="Shadow of Elinu" string="Shizuna Fragment" />
    <String id="379007" toolTip="Veteran Mercenary" string="Teolung Fragment" />
    <String id="379008" toolTip="Agent of Velik" string="Ciebel Fragment" />
    <String id="379009" toolTip="Master Sorcerer" string="Ryshan Fragment" />
    <String id="379010" toolTip="Battlefield Star" string="Fragment: Niniel" />
    <String id="379011" toolTip="Paraanon Protectors" string="Zolyn Fragment" />
    <String id="379012" toolTip="Seeker of Truth" string="Astina Fragment" />
    <String id="379014" toolTip="Troubled Scholar" string="Erhaan Fragment" />
    <String id="379015" toolTip="Goddess of War" string="Fragment: Kaia" />
    <String id="379016" toolTip="Crimson Wolf Pirate" string="Dixie Fragment" />
    <String id="379019" toolTip="Wandering Martial Artist" string="Shaoron Fragment" />
    <String id="379020" toolTip="Prodigal Gunner" string="Woopu Fragment" />
    <String id="379021" toolTip="Explosives Expert" string="Titus Fragment" />
    <String id="379023" toolTip="Federation Engineer" string="Paesyn Fragment" />
    <String id="379024" toolTip="Ruthless Slayer" string="Mutar Fragment" />
    <String id="379025" toolTip="Storm of the Battlefield" string="Liwon Fragment" />
    <String id="380001" toolTip="" string="Braga" />
    <String id="380002" toolTip="" string="Dougal" />
    <String id="380003" toolTip="" string="Rhodos" />
    <String id="380004" toolTip="" string="Fraya" />
    <String id="380005" toolTip="" string="Elleon" />
    <String id="380006" toolTip="" string="Shizuna" />
    <String id="380007" toolTip="" string="Teolung" />
    <String id="380008" toolTip="" string="Ciebel" />
    <String id="380009" toolTip="" string="Ryshan" />
    <String id="380010" toolTip="" string="Niniel" />
    <String id="380011" toolTip="" string="Zolyn" />
    <String id="380012" toolTip="" string="Astina" />
    <String id="380014" toolTip="" string="Erhan" />
    <String id="380015" toolTip="" string="Kaia" />
    <String id="380016" toolTip="" string="Dixie" />
    <String id="380019" toolTip="" string="Xiao Long" />
    <String id="380020" toolTip="" string="Woopu" />
    <String id="380021" toolTip="" string="Titus" />
    <String id="380023" toolTip="" string="Paesyn" />
    <String id="380024" toolTip="" string="Mutar" />
    <String id="380025" toolTip="" string="Liwon" />
    <String id="381101" toolTip="" string="Medieval Knight Braga" />
    <String id="381102" toolTip="" string="SWAT Braga" />
    <String id="381201" toolTip="" string="Hero Dougal" />
    <String id="381202" toolTip="" string="Death Knight Dougal" />
    <String id="381301" toolTip="" string="Officer Rhodos" />
    <String id="381302" toolTip="" string="Passionate Rhodos" />
    <String id="381401" toolTip="" string="Ruined Wedding Fraya" />
    <String id="381402" toolTip="" string="Shirt Fraya" />
    <String id="381403" toolTip="" string="Flamingo Fraya" />
    <String id="381501" toolTip="" string="Tailcoat Elleon" />
    <String id="381502" toolTip="" string="Sportswear Elleon" />
    <String id="381601" toolTip="" string="Cheerleader Shizuna" />
    <String id="381602" toolTip="" string="Kindergartener Shizuna" />
    <String id="381701" toolTip="" string="Pilot Teolung" />
    <String id="381702" toolTip="" string="Clown Teolung" />
    <String id="381801" toolTip="" string="Secret Agent Ciebel" />
    <String id="381802" toolTip="" string="Marine Girl Ciebel" />
    <String id="381803" toolTip="" string="Ciebel (black)" />
    <String id="381901" toolTip="" string="Count Ryshan" />
    <String id="381902" toolTip="" string="Steampunk Ryshan" />
    <String id="382001" toolTip="" string="Maid Niniel" />
    <String id="382002" toolTip="" string="Nurse Niniel" />
    <String id="382101" toolTip="" string="Student Councilor Zolyn" />
    <String id="382102" toolTip="" string="Magician Zolyn" />
    <String id="382103" toolTip="" string="Uniform Zolyn" />
    <String id="382201" toolTip="" string="Snowboarder Astina" />
    <String id="382202" toolTip="" string="TGIF Astina" />
    <String id="382203" toolTip="" string="Astina (pink)" />
    <String id="382401" toolTip="" string="Cowboy Erhan" />
    <String id="382402" toolTip="" string="Dark Eydis" />
    <String id="382403" toolTip="" string="Femme Fatale Erhaan" />
    <String id="382501" toolTip="" string="Dragon Knight Kaia" />
    <String id="382502" toolTip="" string="Light Warrior Kaia" />
    <String id="382601" toolTip="" string="Federation Captain Dixie" />
    <String id="382602" toolTip="" string="Hanbok Dixie" />
    <String id="382901" toolTip="" string="Hiphop Xiao Long" />
    <String id="382902" toolTip="" string="Mafia Xiao Long" />
    <String id="383001" toolTip="" string="Duck Woopu" />
    <String id="383002" toolTip="" string="Pink Bear Woopu" />
    <String id="383101" toolTip="" string="Pool Titus" />
    <String id="383102" toolTip="" string="Bully Titus" />
    <String id="383301" toolTip="" string="Goblin Chef Paesyn" />
    <String id="383302" toolTip="" string="Yell Leader Paesyn" />
    <String id="383401" toolTip="" string="Robot Mutah" />
    <String id="383402" toolTip="" string="Fastening Mutar" />
    <String id="383501" toolTip="" string="Master Cleaner Liwon" />
    <String id="383502" toolTip="" string="Innocent Student Liwon" />
    <String id="390001" toolTip="" string="Ornament" />
    <String id="398000" toolTip="TBA Extensive Federation Bill Bundle" string="Extensive Federation Bill Bundle" />
    <String id="398001" toolTip="Random Hero Fragment Crate" string="Hero Fragment Crate" />
    <String id="398002" toolTip="Open to receive 1 fragment for a playable hero. $BR$BRYou can exchange the fragments you collect for a hero. If you already have the hero, you can dismantle them for Arena Coins." string="[Battle Arena] Hero Fragment Crate" />
    <String id="398100" toolTip="Use to receive 60 Arena Coins.$BRYou also receive 600 to 100,000 Tikat." string="Tikat Arena Bag" />
    <String id="398101" toolTip="Use to receive 150 Arena Coins.$BRYou also receive 3,000 to 500,000 Tikat." string="Large Tikat Arena Bag" />
    <String id="398102" toolTip="Use to receive 1,110 Arena Coins.$BRYou also receive 23,000 to 800,000 Tikat." string="Tikat Arena Box" />
    <String id="398103" toolTip="Use to receive 1,860 Arena Coins.$BRYou also receive 37,500 to 1,000,000 Tikat." string="Large Tikat Arena Box" />
    <String id="398200" toolTip="Use to receive 10 Tikat." string="[Battle Arena] Tikat Bag (10)" />
    <String id="398201" toolTip="Use to receive 100 Tikat." string="[Battle Arena] Tikat Bag (100)" />
    <String id="398202" toolTip="Use to receive 1,000 Tikat." string="[Battle Arena] Tikat Bag (1,000)" />
    <String id="398300" toolTip="Tikat Bundle (900)" string="[Battle Arena] Tikat Bundle (900)" />
    <String id="398301" toolTip="Tikat Bundle (10,300)" string="[Battle Arena] Tikat Bundle (10,300)" />
    <String id="398302" toolTip="Tikat Bundle (32,100)" string="[Battle Arena] Tikat Bundle (32,100)" />
    <String id="398303" toolTip="Tikat Bundle (56,000)" string="[Battle Arena] Tikat Bundle (56,000)" />
    <String id="398304" toolTip="Tikat Bundle (118,000)" string="[Battle Arena] Tikat Bundle (118,000)" />
    <String id="398900" toolTip="Use to receive 100 Arena Coins." string="Arena Coin Box (100)" />
    <String id="398901" toolTip="Use to receive 300 Arena Coins." string="Arena Coin Box (300)" />
    <String id="398902" toolTip="Use to receive 500 Arena Coins." string="Arena Coin Box (500)" />
    <String id="398903" toolTip="Use to receive 1000 Arena Coins." string="Arena Coin Box (1,000)" />
    <String id="399500" toolTip="" string="Account XP +100" />
    <String id="399600" toolTip="" string="Premium Arena Pass" />
    <String id="399601" toolTip="" string="Super-Premium Arena Pass" />
    <String id="399700" toolTip="" string="Arena Pass XP +100" />
    <String id="399701" toolTip="" string="Arena Pass XP +300" />
    <String id="399702" toolTip="" string="Arena Pass XP +20" />
    <String id="399900" toolTip="Arena Coin" string="A.C" />
    <String id="399901" toolTip="" string="Arena Pass Token" />
</StrSheet_Item>
