<StrSheet_Item xmlns:xsi="http://www.w3.org/2001/XMLSchema-instance" xsi:schemaLocation="https://vezel.dev/novadrop/dc/StrSheet_Item StrSheet_Item.xsd" xmlns="https://vezel.dev/novadrop/dc/StrSheet_Item">
    <String id="249000" toolTip="" string="" />
    <String id="249001" toolTip="" string="" />
    <String id="249002" toolTip="" string="" />
    <String id="249003" toolTip="A loot box guaranteed to contain a semi-enigmatic scroll. May also contain an Angora flying rabbit mount, alkahests, or spellbinds!" string="" />
    <String id="249004" toolTip="A loot box guaranteed to contain a semi-enigmatic scroll. May also contain a Lilac flying rabbit mount, alkahests, or spellbinds!" string="" />
    <String id="249005" toolTip="A loot box guaranteed to contain a semi-enigmatic scroll. May also contain a Cherry Blossom flying wolf mount, spellbinds, or alkahests." string="" />
    <String id="249006" toolTip="A loot box guaranteed to contain a semi-enigmatic scroll. May also contain a Thunderbolt flying wolf mount, spellbinds, or alkahests." string="" />
    <String id="249007" toolTip="A loot box guaranteed to contain a semi-enigmatic scroll. May also contain an Obsidian flying wolf mount, spellbinds, or alkahests." string="" />
    <String id="249008" toolTip="" string="" />
    <String id="249009" toolTip="" string="" />
    <String id="249010" toolTip="" string="" />
    <String id="249011" toolTip="" string="" />
    <String id="249012" toolTip="" string="" />
    <String id="249013" toolTip="" string="" />
    <String id="249014" toolTip="" string="" />
    <String id="249015" toolTip="" string="" />
    <String id="249016" toolTip="" string="" />
    <String id="249017" toolTip="" string="" />
    <String id="249018" toolTip="" string="" />
    <String id="249019" toolTip="" string="" />
    <String id="249020" toolTip="" string="" />
    <String id="249021" toolTip="" string="" />
    <String id="249022" toolTip="" string="" />
    <String id="249023" toolTip="" string="" />
    <String id="249024" toolTip="" string="" />
    <String id="249025" toolTip="" string="" />
    <String id="249026" toolTip="" string="" />
    <String id="249027" toolTip="" string="" />
    <String id="249028" toolTip="" string="" />
    <String id="249029" toolTip="" string="" />
    <String id="249030" toolTip="" string="" />
    <String id="249031" toolTip="" string="" />
    <String id="249032" toolTip="" string="" />
    <String id="249033" toolTip="" string="" />
    <String id="249034" toolTip="" string="" />
    <String id="249035" toolTip="" string="" />
    <String id="249036" toolTip="???????????????? ????????????????????????? ?????????????????????????? ??????? 3,000 ????????????? 500,000" string="Federation Bill Lucky Box" />
    <String id="249037" toolTip="???????????????? ?????????????? Starglow Weapon Skin ???? ?????????????????" string="Starglow Weapon Skin Box" />
    <String id="249038" toolTip="???????????????? ??? Starglow Costume ???? ??????????????????????" string="Starglow Costume Box" />
    <String id="249039" toolTip="???????????????? ??? Dyeable Female Gothic Dress ???? ????????????????????" string="Dyeable Female Gothic Dress Costume Box" />
    <String id="249040" toolTip="???????????????? ??? Dyeable Male Noblesse Suit ???? ???????????????????" string="Dyeable Male Noblesse Suit Costume Box" />
    <String id="249041" toolTip="???????????????? ??? Male Classic Butler's Uniform ???? ???????????????????" string="Male Classic Butler's Uniform Costume Box" />
    <String id="249042" toolTip="???????????????? ??? Dyeable Female Classic Housekeeper Uniform ???? ????????????????????" string="Dyeable Female Classic Housekeeper Uniform Costume Box" />
    <String id="249043" toolTip="???????????????? ??? Male Fitted Beach Wear ???? ???????????????????" string="Male Fitted Beach Wear Costume Box" />
    <String id="249044" toolTip="???????????????? ??? Dyeable Female Striped Bikini ???? ????????????????????" string="Dyeable Female Striped Bikini Costume Box" />
    <String id="249045" toolTip="???????????????? ??? Female Striped Bikini ???? ????????????????????" string="Female Striped Bikini Costume Box" />
    <String id="249046" toolTip="???????????????? ??? Dyeable Bomber Jacket ???? ??????????????????????" string="Dyeable Bomber JacketCostume Box" />
    <String id="249047" toolTip="???????????????? ??? Bomber Jacket ???? ??????????????????????" string="Bomber Jacket Costume Box" />
    <String id="249048" toolTip="???????????????? ??? Female Dyeable 2017 Maid Costume???? ???????????????????" string="Female Dyeable 2017 Maid Costume Costume Box" />
    <String id="249049" toolTip="???????????????? ??? Male Dyeable  Embroidered Suits ???? ???????????????????" string="Male Dyeable Embroidered Suit Costume Box" />
    <String id="249050" toolTip="???????????????? ??? Female Dyeable  Chiffon Dress ???? ????????????????????" string="Female Dyeable  Chiffon Dress Costume Box" />
    <String id="249051" toolTip="???????????????? ??? Assassin Costume ???? ??????????????????????" string="Assassin Costume Box" />
    <String id="249052" toolTip="" string="" />
    <String id="249053" toolTip="" string="" />
    <String id="249054" toolTip="" string="" />
    <String id="249055" toolTip="" string="" />
    <String id="249056" toolTip="" string="" />
    <String id="249057" toolTip="" string="" />
    <String id="249058" toolTip="???????????????? Flying Skill: Ironwing ????????????????????? Rampant Evidence 400 ???? (??????????????????????????????????) ?????????????????????????????????????? 1 ????? (?????????) ?????? - Flying Skill: Ironwing - Smart Dyad Niveot Structure - Dyad Niveot Structure - Rampant Evidence - Arborea Golden Crystalline - Superior Noctenium Elixir - Valkyon Health Potion - Aged Elinu's Tear" string="Iron Wing Gacha" />
    <String id="249059" toolTip="???????????????? Flying Skill: Crimsonwing ????????????????????? Rampant Evidence 400 ???? (??????????????????????????????????) ?????????????????????????????????????? 1 ????? (?????????) ?????? - Flying Skill: Crimsonwing - Smart Dyad Niveot Structure - Dyad Niveot Structure - Rampant Evidence - Arborea Golden Crystalline - Superior Noctenium Elixir - Valkyon Health Potion - Aged Elinu's Tear" string="Crimson Wing Gacha" />
    <String id="249060" toolTip="???????????????? Flying Skill: Dracolich ????????????????????? Rampant Evidence 400 ???? (??????????????????????????????????) ?????????????????????????????????????? 1 ????? (?????????) ?????? - Flying Skill: Dracolich - Smart Dyad Niveot Structure - Dyad Niveot Structure - Rampant Evidence - Arborea Golden Crystalline - Superior Noctenium Elixir - Valkyon Health Potion - Aged Elinu's Tear" string="Dracolich Gacha" />
    <String id="249061" toolTip="???????????????? Flying Skill: Glitterwing ????????????????????? Rampant Evidence 400 ???? (??????????????????????????????????) ?????????????????????????????????????? 1 ????? (?????????) ?????? - Flying Skill: Glitterwing - Smart Dyad Niveot Structure - Dyad Niveot Structure - Rampant Evidence - Arborea Golden Crystalline - Superior Noctenium Elixir - Valkyon Health Potion - Aged Elinu's Tear" string="Glitter Wing Gacha" />
    <String id="249062" toolTip="???????????????? Flying Skill: Bonefury ????????????????????? Rampant Evidence 400 ???? (??????????????????????????????????) ?????????????????????????????????????? 1 ????? (?????????) ?????? - Flying Skill: Bonefury - Smart Dyad Niveot Structure - Dyad Niveot Structure - Rampant Evidence - Arborea Golden Crystalline - Superior Noctenium Elixir - Valkyon Health Potion - Aged Elinu's Tear" string="Bonefury Gacha" />
    <String id="249063" toolTip="???????????????? Flying Skill: Nightfury ????????????????????? Rampant Evidence 400 ???? (??????????????????????????????????) ?????????????????????????????????????? 1 ????? (?????????) ?????? - Flying Skill: Nightfury - Smart Dyad Niveot Structure - Dyad Niveot Structure - Rampant Evidence - Arborea Golden Crystalline - Superior Noctenium Elixir - Valkyon Health Potion - Aged Elinu's Tear" string="Nightfury Gacha" />
    <String id="249064" toolTip="???????????????? Flying Skill: Ultrafury ????????????????????? Rampant Evidence 400 ???? (??????????????????????????????????) ?????????????????????????????????????? 1 ????? (?????????) ?????? - Flying Skill: Ultrafury - Smart Dyad Niveot Structure - Dyad Niveot Structure - Rampant Evidence - Arborea Golden Crystalline - Superior Noctenium Elixir - Valkyon Health Potion - Aged Elinu's Tear" string="Ultrafury Gacha" />
    <String id="249065" toolTip="???????????????? Flying Skill: Astrafury ????????????????????? Rampant Evidence 400 ???? (??????????????????????????????????) ?????????????????????????????????????? 1 ????? (?????????) ?????? - Flying Skill: Astrafury - Smart Dyad Niveot Structure - Dyad Niveot Structure - Rampant Evidence - Arborea Golden Crystalline - Superior Noctenium Elixir - Valkyon Health Potion - Aged Elinu's Tear" string="Astrafury Gacha" />
    <String id="249066" toolTip="???????????????? Flying Skill: White Cute Llma ????????????????????? Rampant Evidence 400 ???? (??????????????????????????????????) ?????????????????????????????????????? 1 ????? (?????????) ??????&lt;br&gt;&lt;br&gt;[Flying Skill: White Cute Llma]&lt;br&gt;[Smart Dyad Niveot Structure]&lt;br&gt;[Dyad Niveot Structure]&lt;br&gt;[Rampant Evidence]&lt;br&gt;[Arborea Golden Crystalline]&lt;br&gt;[Arborea Silver Crystalline]&lt;br&gt;[Superior Noctenium Elixir]&lt;br&gt;[Valkyon Health Potion]&lt;br&gt;[Aged Elinu's Tear]" string="White Cute Llma Gacha" />
    <String id="249067" toolTip="???????????????? Flying Skill: White Tuxido Llma ????????????????????? Rampant Evidence 400 ???? (??????????????????????????????????) ?????????????????????????????????????? 1 ????? (?????????) ??????&lt;br&gt;&lt;br&gt;[Flying Skill: White Tuxido Llma]&lt;br&gt;[Smart Dyad Niveot Structure]&lt;br&gt;[Dyad Niveot Structure]&lt;br&gt;[Rampant Evidence]&lt;br&gt;[Arborea Golden Crystalline]&lt;br&gt;[Arborea Silver Crystalline]&lt;br&gt;[Superior Noctenium Elixir]&lt;br&gt;[Valkyon Health Potion]&lt;br&gt;[Aged Elinu's Tear]" string="White Tuxido Llma Gacha" />
    <String id="249068" toolTip="???????????????? Flying Skill: Brown Tuxido Llma ????????????????????? Rampant Evidence 400 ???? (??????????????????????????????????) ?????????????????????????????????????? 1 ????? (?????????) ??????&lt;br&gt;&lt;br&gt;[Flying Skill: Brown Tuxido Llma]&lt;br&gt;[Smart Dyad Niveot Structure]&lt;br&gt;[Dyad Niveot Structure]&lt;br&gt;[Rampant Evidence]&lt;br&gt;[Arborea Golden Crystalline]&lt;br&gt;[Arborea Silver Crystalline]&lt;br&gt;[Superior Noctenium Elixir]&lt;br&gt;[Valkyon Health Potion]&lt;br&gt;[Aged Elinu's Tear]" string="Brown Tuxido Llma Gacha" />
    <String id="249069" toolTip="???????????????? Flying Skill: Winged Lion White ????????????????????? Rampant Evidence 400 ???? (??????????????????????????????????) ?????????????????????????????????????? 1 ????? (?????????) ??????&lt;br&gt;&lt;br&gt;[Flying Skill: Winged Lion White]&lt;br&gt;[Smart Dyad Niveot Structure]&lt;br&gt;[Dyad Niveot Structure]&lt;br&gt;[Rampant Evidence]&lt;br&gt;[Arborea Golden Crystalline]&lt;br&gt;[Arborea Silver Crystalline]&lt;br&gt;[Superior Noctenium Elixir]&lt;br&gt;[Valkyon Health Potion]&lt;br&gt;[Aged Elinu's Tear]" string="Winged Lion White Gacha" />
    <String id="249070" toolTip="???????????????? Flying Skill: Winged Lion Black ????????????????????? Rampant Evidence 400 ???? (??????????????????????????????????) ?????????????????????????????????????? 1 ????? (?????????) ??????&lt;br&gt;&lt;br&gt;[Flying Skill: Winged Lion Black]&lt;br&gt;[Smart Dyad Niveot Structure]&lt;br&gt;[Dyad Niveot Structure]&lt;br&gt;[Rampant Evidence]&lt;br&gt;[Arborea Golden Crystalline]&lt;br&gt;[Arborea Silver Crystalline]&lt;br&gt;[Superior Noctenium Elixir]&lt;br&gt;[Valkyon Health Potion]&lt;br&gt;[Aged Elinu's Tear]" string="Winged Lion Black Gacha" />
    <String id="249071" toolTip="???????????????? Flying Skill: Winged Lion Gold ????????????????????? Rampant Evidence 400 ???? (??????????????????????????????????) ?????????????????????????????????????? 1 ????? (?????????) ??????&lt;br&gt;&lt;br&gt;[Flying Skill: Winged Lion Gold]&lt;br&gt;[Smart Dyad Niveot Structure]&lt;br&gt;[Dyad Niveot Structure]&lt;br&gt;[Rampant Evidence]&lt;br&gt;[Arborea Golden Crystalline]&lt;br&gt;[Arborea Silver Crystalline]&lt;br&gt;[Superior Noctenium Elixir]&lt;br&gt;[Valkyon Health Potion]&lt;br&gt;[Aged Elinu's Tear]" string="Winged Lion Gold Gacha" />
    <String id="249072" toolTip="???????????????? Flying Skill: Winged Lion Silver ????????????????????? Rampant Evidence 400 ???? (??????????????????????????????????) ?????????????????????????????????????? 1 ????? (?????????) ?????? &lt;br&gt;&lt;br&gt;[Flying Skill: Winged Lion Silver]&lt;br&gt;[Smart Dyad Niveot Structure]&lt;br&gt;[Dyad Niveot Structure]&lt;br&gt;[Rampant Evidence]&lt;br&gt;[Arborea Golden Crystalline]&lt;br&gt;[Arborea Silver Crystalline]&lt;br&gt;[Superior Noctenium Elixir]&lt;br&gt;[Valkyon Health Potion]&lt;br&gt;[Aged Elinu's Tear]" string="Winged Lion Silver Gacha" />
    <String id="249073" toolTip="???????????????? Red Phoenix ????????????????????? Rampant Evidence 400 ???? (??????????????????????????????????) ?????????????????????????????????????? 1 ????? (?????????) ??????&lt;br&gt;&lt;br&gt;[Flying Skill: Pteryx]&lt;br&gt;[Flying Skill: Blazing Phoenix]&lt;br&gt;[Flying Skill: Red Phoenix]&lt;br&gt;[Flying Skill: Fiery Phoenix]&lt;br&gt;[Smart Dyad Niveot Structure]&lt;br&gt;[Dyad Niveot Structure]&lt;br&gt;[Rampant Evidence]&lt;br&gt;[Arborea Golden Crystalline]&lt;br&gt;[Arborea Silver Crystalline]&lt;br&gt;[Superior Noctenium Elixir]&lt;br&gt;[Valkyon Health Potion]&lt;br&gt;[Aged Elinu's Tear]" string="Red Phoenix Gacha" />
    <String id="249074" toolTip="???????????????? Blue Phoenix ????????????????????? Rampant Evidence 400 ???? (??????????????????????????????????) ?????????????????????????????????????? 1 ????? (?????????) ??????&lt;br&gt;&lt;br&gt;[Flying Skill: Urvog]&lt;br&gt;[Flying Skill: Azure Phoenix]&lt;br&gt;[Flying Skill: Sapphire Phoenix]&lt;br&gt;[Flying Skill: Blue Phoenix]&lt;br&gt;[Smart Dyad Niveot Structure]&lt;br&gt;[Dyad Niveot Structure]&lt;br&gt;[Rampant Evidence]&lt;br&gt;[Arborea Golden Crystalline]&lt;br&gt;[Arborea Silver Crystalline]&lt;br&gt;[Superior Noctenium Elixir]&lt;br&gt;[Valkyon Health Potion]&lt;br&gt;[Aged Elinu's Tear]" string="Blue Phoenix Gacha" />
    <String id="249075" toolTip="" string="" />
    <String id="249076" toolTip="" string="" />
    <String id="249077" toolTip="" string="" />
    <String id="249078" toolTip="" string="" />
    <String id="249079" toolTip="" string="" />
    <String id="249080" toolTip="???????????????? ??? Personalized Gym Uniform ???? ??????????????????????" string="Snowboard Suit Costume Box" />
    <String id="249081" toolTip="???????????????? ??? Personalized Gym Uniform ???? ??????????????????????" string="Personalized Gym Uniform Costume Box" />
    <String id="249082" toolTip="???????????????? ??? Ironward Armor Costume ???? ??????????????????????" string="Ironward Armor Costume Box" />
    <String id="249083" toolTip="???????????????? ??? Dawn's Guard Armor Costume ???? ??????????????????????" string="Dawn's Guard Armor Costume Box" />
    <String id="249084" toolTip="???????????????? ??? Night Watch Armor Costume ???? ??????????????????????" string="Night Watch Armor Costume Box" />
    <String id="249085" toolTip="???????????????? ???  Mechanical Costume (?????????) ???? ??????????????????????" string="Mechanical Costume (?????????) Box" />
    <String id="249086" toolTip="???????????????? ???  Mechanical Costume ???? ??????????????????????" string="Mechanical Costume Box" />
    <String id="249087" toolTip="" string="" />
    <String id="249088" toolTip="" string="" />
    <String id="249089" toolTip="" string="" />
    <String id="249090" toolTip="" string="" />
    <String id="249091" toolTip="???????????????? ??? Red High Waist School Uniform (Shirt) ???? ?????????????????????" string="Red High Waist School Uniform (Shirt) Costume Box" />
    <String id="249092" toolTip="???????????????? ???  Black High Waist School Uniform (Shirt) ???? ?????????????????????" string="Black High Waist School Uniform (Shirt) Costume Box" />
    <String id="249093" toolTip="???????????????? ???   Blue High Waist School Uniform (Shirt) ???? ?????????????????????" string="Blue High Waist School Uniform (Shirt) Costume Box" />
    <String id="249094" toolTip="???????????????? ???  Red High Waist School Uniform (Blazer) ???? ?????????????????????" string="Red High Waist School Uniform (Blazer) Costume Box" />
    <String id="249095" toolTip="???????????????? ???  Black High Waist School Uniform (Blazer) ???? ?????????????????????" string="Black High Waist School Uniform (Blazer) Costume Box" />
    <String id="249096" toolTip="???????????????? ???  Blue High Waist School Uniform (Blazer) ???? ?????????????????????" string="Blue High Waist School Uniform (Blazer) Costume Box" />
    <String id="249097" toolTip="" string="" />
    <String id="249098" toolTip="" string="" />
    <String id="249099" toolTip="???????????????? ??? Female Jaeron's White Nurse Uniform ???? ?????????????????????" string="Female Jaeron's White Nurse Uniform Costume Box" />
    <String id="249100" toolTip="" string="" />
    <String id="249101" toolTip="" string="" />
    <String id="249102" toolTip="" string="Songkran Costume Gacha" />
    <String id="249103" toolTip="" string="Winter Dress: Snow Flower Costume Box" />
    <String id="249104" toolTip="" string="Winter Dress: Mi Costume Box" />
    <String id="249105" toolTip="" string="Winter Dress: Sun Costume Box" />
    <String id="249106" toolTip="" string="Winter Dress: Jin Costume Box" />
    <String id="249107" toolTip="" string="Female Jaeron's Black Nurse Uniform Costume Box" />
    <String id="249108" toolTip="" string="Female Jaeron's Pink Nurse Uniform Costume Box" />
    <String id="249109" toolTip="" string="Unique Modern Campus Look Costume Box" />
    <String id="249110" toolTip="" string="Dyeable Red Flame Jumpsuit Costume Box" />
    <String id="249111" toolTip="" string="Dyeable Valkyon Federation Uniform Costume Box" />
    <String id="249112" toolTip="" string="Noblesse Suit Costume Box" />
    <String id="249113" toolTip="" string="Explorer Vest Costume Box" />
    <String id="249114" toolTip="" string="Dyeable Titan Force Costume Box" />
    <String id="249115" toolTip="" string="Royal Diamond Dragon" />
    <String id="249116" toolTip="" string="Royal Ghost Dragon Gacha" />
    <String id="249117" toolTip="" string="Royal Crimson Dragon Gacha" />
    <String id="249118" toolTip="" string="Royal Iron Dragon Gacha" />
    <String id="249119" toolTip="" string="Innerwear lucky Box" />
    <String id="249120" toolTip="" string="" />
    <String id="249121" toolTip="" string="v68 new angel (Normal) event weapon box (7days)" />
    <String id="249122" toolTip="" string="v68 Red new angel (Rare) weapon box" />
    <String id="249123" toolTip="" string="v68 Red new angel (normal) weapon box" />
    <String id="249124" toolTip="" string="v68 new angel (Rare) weapon box" />
    <String id="249125" toolTip="" string="v68 new angel (normal) weapon box" />
    <String id="249126" toolTip="" string="v68 new angel (rare) Costume Box" />
    <String id="249127" toolTip="" string="v68 new angel (normal) Costume Box" />
    <String id="249128" toolTip="" string="" />
    <String id="249129" toolTip="" string="" />
    <String id="249130" toolTip="" string="" />
    <String id="249131" toolTip="" string="" />
    <String id="249132" toolTip="" string="" />
    <String id="249133" toolTip="" string="" />
    <String id="249134" toolTip="" string="" />
    <String id="249135" toolTip="" string="" />
    <String id="249136" toolTip="" string="" />
    <String id="249137" toolTip="" string="" />
    <String id="249138" toolTip="" string="" />
    <String id="249139" toolTip="" string="" />
    <String id="249140" toolTip="" string="" />
    <String id="249141" toolTip="" string="" />
    <String id="249142" toolTip="" string="" />
    <String id="249143" toolTip="" string="" />
    <String id="249144" toolTip="" string="" />
    <String id="249145" toolTip="" string="" />
    <String id="249146" toolTip="" string="" />
    <String id="249147" toolTip="" string="" />
    <String id="249148" toolTip="" string="" />
    <String id="249149" toolTip="" string="" />
    <String id="249150" toolTip="" string="" />
    <String id="249151" toolTip="" string="" />
    <String id="249152" toolTip="" string="" />
    <String id="249153" toolTip="" string="" />
    <String id="249154" toolTip="" string="" />
    <String id="249155" toolTip="" string="" />
    <String id="249156" toolTip="" string="" />
    <String id="249157" toolTip="" string="" />
    <String id="249158" toolTip="" string="" />
    <String id="249159" toolTip="" string="" />
    <String id="249160" toolTip="" string="" />
    <String id="249161" toolTip="" string="" />
    <String id="249162" toolTip="" string="" />
    <String id="249163" toolTip="" string="" />
    <String id="249164" toolTip="" string="" />
    <String id="249165" toolTip="" string="" />
    <String id="249166" toolTip="" string="" />
    <String id="249167" toolTip="" string="" />
    <String id="249168" toolTip="" string="" />
    <String id="249169" toolTip="" string="" />
    <String id="249170" toolTip="" string="" />
    <String id="249171" toolTip="" string="" />
    <String id="249172" toolTip="" string="" />
    <String id="249173" toolTip="" string="" />
    <String id="249174" toolTip="" string="Bluebird Gacha Box" />
    <String id="249175" toolTip="" string="" />
    <String id="249176" toolTip="???????????????? Cooking Set Weapon ???? ?????????????????  ?????? Reaper, Brawler, Gunner, Ninja, Valkyrie" string="Cooking Set Weapon Box" />
    <String id="249177" toolTip="???????????????? Moonlight Shadow Weapon ???? ?????????????????" string="Moonlight Shadow Weapon Box" />
    <String id="249178" toolTip="???????????????? Flash Light Shadow Weapon ???? ?????????????????" string="Flash Light Shadow Weapon Box" />
    <String id="249179" toolTip="???????????????? ??? Moonlight Shadow Costume  ???? ??????????????????????" string="Moonlight Shadow Ninja Costume Box" />
    <String id="249180" toolTip="???????????????? ??? Flash Shadow Costume  ???? ??????????????????????" string="Flash Shadow Ninja Costume Box" />
    <String id="249181" toolTip="" string="Tera Cooking Set gacha" />
    <String id="249182" toolTip="" string="Shadow Weapon Gacha" />
    <String id="249183" toolTip="" string="Shadow Costume Gacha" />
    <String id="249184" toolTip="" string="New Footstamp gacha" />
    <String id="249185" toolTip="" string="New dragon gacha" />
    <String id="249186" toolTip="???????????????? ??? Moonlight Party Dress Costume ???? ???????????? ????????" string="Moonlight Party Dress Costume Box" />
    <String id="249187" toolTip="???????????????? ??? Midnight Party Dress Costume ???? ???????????? ????????" string="Midnight Party Dress Costume Box" />
    <String id="249188" toolTip="???????????????? Lovely Maid Weapon ???? ????????????????? ?????? Brawler, Gunner, Ninja, Valkyrie" string="Lovely Maid Weapon Box" />
    <String id="249189" toolTip="???????????????? ??? Maid Costume ????????? ???? ???????????? ????????" string="Dyeable Maid Costume Box" />
    <String id="249190" toolTip="???????????????? ??? Butler Classic ???? ??????????? ????????" string="Male Butler Costume Box" />
    <String id="249191" toolTip="???????????????? Arcade Block Weapon ???? ????????????????? ?????? Brawler, Ninja, Valkyrie" string="Arcade Block Weapon Box" />
    <String id="249192" toolTip="???????????????? Arcade Rainbow Weapon ???? ????????????????? ?????? Brawler, Ninja, Valkyrie" string="Arcade Rainow Weapon Box" />
    <String id="249193" toolTip="???????????????? Arcade Crystal Weapon ???? ????????????????? ?????? Brawler, Ninja, Valkyrie" string="Arcade Crystal Weapon Box" />
    <String id="249194" toolTip="???????????????? Arcade Prism Weapon ???? ????????????????? ?????? Brawler, Ninja, Valkyrie" string="Arcade Prism Weapon Box" />
    <String id="249195" toolTip="New Pet gacha" string="New Pet gacha" />
    <String id="249196" toolTip="Arcade 8 bit Weapon gacha" string="Arcade 8 bit Weapon gacha" />
    <String id="249197" toolTip="Lovely Maid Weapon Gacha" string="Lovely Maid Weapon Gacha" />
    <String id="249198" toolTip="???????????????? ??? Flesh Wrap Costume ????" string="Halloween Flesh Wrap Costume Box" />
    <String id="249199" toolTip="???????????????? ??? Dyeable Flesh Wrap Costume ????" string="Halloween Dyeable Flesh Wrap Costume Box" />
    <String id="249200" toolTip="" string="Halloween Costume Random Box" />
    <String id="249201" toolTip="" string="Legendary Phoenix gacha" />
    <String id="249202" toolTip="" string="Halloween Stamp Gacha" />
    <String id="249203" toolTip="" string="" />
    <String id="249204" toolTip="" string="" />
    <String id="249205" toolTip="" string="" />
    <String id="249206" toolTip="" string="" />
    <String id="249207" toolTip="" string="" />
    <String id="249208" toolTip="" string="" />
    <String id="249209" toolTip="" string="" />
    <String id="249210" toolTip="" string="" />
    <String id="249211" toolTip="" string="" />
    <String id="249212" toolTip="" string="" />
    <String id="249213" toolTip="" string="" />
    <String id="249214" toolTip="" string="" />
    <String id="249215" toolTip="" string="" />
    <String id="249216" toolTip="" string="" />
    <String id="249217" toolTip="" string="" />
    <String id="249218" toolTip="" string="" />
    <String id="249219" toolTip="" string="" />
    <String id="249220" toolTip="" string="" />
    <String id="249221" toolTip="" string="" />
    <String id="249222" toolTip="" string="" />
    <String id="249223" toolTip="" string="" />
    <String id="249224" toolTip="???????????????? ??? Castanica Tech Unifrom Costume ???? &lt;p&gt; ????????????? ?????? Aman" string="Castanica Tech Unifrom Costume Box" />
    <String id="249225" toolTip="???????????????? ??? Icaruna School for Girls Unifrom Costume ???? &lt;p&gt; ????????????? ?????? Aman" string="Icaruna School for Girls Unifrom Costume Box" />
    <String id="249226" toolTip="" string="School Uniform Gacha" />
    <String id="249227" toolTip="???????????????? Icetouch Weapon ???? ????????????????? ?????? Brawler, Gunner, Ninja, Valkyrie ??? Reaper" string="Icetouch weapon Box" />
    <String id="249228" toolTip="???????????????? Icegrip Weapon ???? ????????????????? ?????? Brawler, Gunner, Ninja, Valkyrie ??? Reaper" string="Icegrip weapon Box" />
    <String id="249229" toolTip="" string="Icy Freeze weapon Gacha" />
    <String id="249230" toolTip="???????????????? Steam Powered Weapon ???? ????????????????? ?????? Brawler, Gunner, Ninja, Valkyrie ??? Reaper" string="Steam Powered Weapon Box" />
    <String id="249231" toolTip="???????????????? ??? Clockwork Coreset ???? ????????????? ?????? Gentleman's Garb ???? ????????????" string="Steam Powered Costume Box" />
    <String id="249232" toolTip="???????????????? ??? Dyeable Clockwork Coreset ???? ????????????? ?????? Dyeable Gentleman's Garb ???? ????????????" string="Dyeable Steam Powered Costume Box" />
    <String id="249233" toolTip="" string="Steam Powered Weapon Gacha" />
    <String id="249234" toolTip="???????????????? Elemental Weapon ????" string="Elemental Weapon Box" />
    <String id="249235" toolTip="???????????????? Rare Elemental Weapon ????" string="Rare Elemental Weapon Box" />
    <String id="249236" toolTip="" string="Elemental Weapon gacha" />
    <String id="249237" toolTip="???????????????? Obsidian Dragon Weapon (14 Days)" string="Obsidian Dragon Weapon (14 Days) Box" />
    <String id="249238" toolTip="???????????????? ??? Santa Claus Suit  ????" string="Santa Claus Suit Box" />
    <String id="249239" toolTip="" string="Christmas Santa Costume Gacha" />
    <String id="249240" toolTip="" string="Winter Stamp Gacha" />
    <String id="249241" toolTip="???????????????? ??? New Dragon Costume ????" string="New Dragon Costume Box" />
    <String id="249242" toolTip="" string="New Dragon Cosutme Gacha" />
    <String id="249243" toolTip="" string="Glacial Dragon Costume Set Gacha" />
    <String id="249244" toolTip="???????????????? Volcanic Dragon Weapon ????" string="Volcanic Dragon Weapon Box" />
    <String id="249245" toolTip="???????????????? Volcanic Dragon Armor" string="Volcanic Dragon Armor Costume Box" />
    <String id="249246" toolTip="???????????????? Metallic Swimwear Collection II" string="Metallic Swimwear Collection II Box" />
    <String id="249247" toolTip="???????????????? Metallic Swimwear Collection I" string="Metallic Swimwear Collection I Box" />
    <String id="249248" toolTip="???????????????? Dyeable Wedding Costume" string="Dyeable Wedding Costume Box" />
    <String id="249249" toolTip="???????????????? Wedding Costume" string="Wedding Costume Box" />
    <String id="249250" toolTip="???????????????? Dyeable SWAT Uniform" string="Dyeable SWAT Uniform Costume Box" />
    <String id="249251" toolTip="???????????????? SWAT Uniform" string="SWAT Uniform Costume Box" />
    <String id="249252" toolTip="???????????????? ??? Dyeable Chinese Dress (Female) Costume ????" string="Dyeable Chinese Dress (Female) Costume Box" />
    <String id="249253" toolTip="???????????????? ??? Chinese Dress (Female) Costume ????" string="Chinese Dress (Female) Costume Box" />
    <String id="249254" toolTip="???????????????? Life Guard (Male) Costume" string="Life Guard (Male) Costume Box" />
    <String id="249255" toolTip="???????????????? ??? Dyeable Summer Wrap (Female) Costume ????" string="Dyeable Summer Wrap (Female) Costume Box" />
    <String id="249256" toolTip="???????????????? ??? Summer Wrap (Female) Costume ????" string="Summer Wrap (Female) Costume Box" />
    <String id="249257" toolTip="" string="Volcanic Dragon Costume Set Gacha" />
    <String id="249258" toolTip="" string="Summer Swimwear Gacha" />
    <String id="249259" toolTip="" string="Flying Cycle Gacha" />
    <String id="249260" toolTip="" string="Chinese Dress Gacha" />
    <String id="249261" toolTip="" string="SWAT Uniform Gacha" />
    <String id="249262" toolTip="" string="Wedding Costume Gacha" />
    <String id="249263" toolTip="" string="Metallic Swimwear Gacha" />
    <String id="249264" toolTip="???????????????? Green Hanbok Costume" string="Geen Hanbok Costume Box" />
    <String id="249265" toolTip="???????????????? Rare Green Hanbok Costume" string="Rare Green Hanbok Costume Box" />
    <String id="249266" toolTip="???????????????? Gray Hanbok Costume" string="Gray Hanbok Costume Box" />
    <String id="249267" toolTip="???????????????? Rare Gray Hanbok Costume" string="Rare Gray Hanbok Costume Box" />
    <String id="249268" toolTip="" string="HanBok Costume Gacha" />
    <String id="249269" toolTip="A box containing Rare Diabolic Weapon (Tradable) permanently" string="Rare Diabolic Weapon Box (Tradable)" />
    <String id="249270" toolTip="A box containing Diabolic Weapon (Tradable) permanently" string="Diabolic Weapon Box (Tradable)" />
    <String id="249271" toolTip="A box containing Rare Angelic Weapon (Tradable) permanently" string="Rare Angelic Weapon Box (Tradable)" />
    <String id="249272" toolTip="A box containing Angelic Weapon (Tradable) permanently" string="Angelic Weapon Box (Tradable)" />
    <String id="249273" toolTip="A box contain Dyeable Celestial Costume (Tradable)" string="Dyeable Celestial Costume Box (Tradable)" />
    <String id="249274" toolTip="A box contain Celestial Costume (Tradable)" string="Celestial Costume Box (Tradable)" />
    <String id="249275" toolTip="A box contain Pig Animal Costume (Tradable)" string="Pig Animal Costume Box (Tradable)" />
    <String id="249276" toolTip="A box contain Black Sheep Animal Costume (Tradable)" string="Black Sheep Animal Costume Box (Tradable)" />
    <String id="249277" toolTip="A box contain Penguin Animal Costume (Tradable)" string="Penguin Animal Costume Box (Tradable)" />
    <String id="249278" toolTip="A box contain Raccoon Animal Costume (Tradable)" string="Raccoon Animal Costume Box (Tradable)" />
    <String id="249279" toolTip="A box contain Cat Animal Costume (Tradable)" string="Cat Animal Costume Box (Tradable)" />
    <String id="249280" toolTip="" string="Elemental Flight Gacha" />
    <String id="249281" toolTip="" string="God and Devil Set Gacha" />
    <String id="249282" toolTip="" string="Cutie Animal Costume Gacha" />
    <String id="249283" toolTip="" string="Onink Dancer Stamp Gacha" />
    <String id="249284" toolTip="A box contain PUBG Costume Set A" string="PUBG Costume Set A Box" />
    <String id="249285" toolTip="A box contain PUBG Costume Set B" string="PUBG Costume Set B Box" />
    <String id="249286" toolTip="A box contain PUBG Costume Set C" string="PUBG Costume Set C Box" />
    <String id="249287" toolTip="" string="PUBG Costume Gacha" />
    <String id="249288" toolTip="" string="PUBG Stamp Gacha" />
    <String id="249289" toolTip="" string="PUBG Pet Gacha" />
    <String id="249290" toolTip="A box contain Alice Dress for Female and Mad Hatter Suit for Male" string="Alice, Mad Hatter Costume Box" />
    <String id="249291" toolTip="A box contain New Alice Dress for Female and New Mad Hatter Suit for Male" string="New Alice, Mad Hatter Costume Box" />
    <String id="249292" toolTip="A box contain [Untradable] Night Watch Costume" string="[Untradable] Night Watch Costume Box" />
    <String id="249293" toolTip="A box contain Female Dyeable Cowgirl Costume" string="Female Dyeable Cowgirl Costume Box" />
    <String id="249294" toolTip="A box contain Male Dyeable Wrestler Costume" string="Male Dyeable Wrestler Costume Box" />
    <String id="249295" toolTip="" string="New Alice, Mad Hatter Costume Gacha" />
    <String id="249296" toolTip="" string="Female Dyeable Cowgirl Costume Gacha" />
    <String id="249297" toolTip="" string="Male Dyeable Wrestler Costume Gacha" />
    <String id="249298" toolTip="" string="Royal Dragon Gacha" />
    <String id="249299" toolTip="A box contain New School Uniform Costume" string="New School Uniform Costume Box" />
    <String id="249300" toolTip="A box contain New School Uniform [Rare] Costume" string="New School Uniform [Rare] Costume Box" />
    <String id="249301" toolTip="" string="New School Uniform Costume Gacha" />
    <String id="249302" toolTip="A box contain Female Hanbok (Blue) Costume" string="Female Hanbok (Blue) Costume Box" />
    <String id="249303" toolTip="A box contain Female Hanbok (Green) Costume" string="Female Hanbok (Green) Costume Box" />
    <String id="249304" toolTip="A box contain Female Hanbok (Red) Costume" string="Female Hanbok (Red) Costume Box" />
    <String id="249305" toolTip="A box contain Dyeable Female Hanbok Costume" string="Dyeable Female Hanbok Costume Box" />
    <String id="249306" toolTip="" string="Female  Hanbok Costume Gacha" />
    <String id="249307" toolTip="" string="Koinobori Gacha" />
    <String id="249308" toolTip="" string="New Dragon Gacha" />
    <String id="249309" toolTip="" string="" />
    <String id="249310" toolTip="" string="" />
    <String id="249311" toolTip="" string="" />
    <String id="249312" toolTip="" string="" />
    <String id="249313" toolTip="" string="" />
    <String id="249314" toolTip="A box containing Crimson Frost Costume Box" string="Crimson Frost Weapon Box" />
    <String id="249315" toolTip="A box containing Bright World Dragon Costume Box" string="Bright World Dragon Weapon Box" />
    <String id="249316" toolTip="A box contain Bright World Dragon Costume Box" string="Bright World Dragon Costume Box" />
    <String id="249317" toolTip="A box contain Mechanical Costume [Tradeable] Box" string="Mechanical Costume [Tradeable] Box" />
    <String id="249318" toolTip="A box contain Dyeable Mechanical Costume [Tradeable] Box" string="Dyeable Mechanical Costume [Tradeable] Box" />
    <String id="249319" toolTip="A box contain Hot Summer Swimwear Costume" string="Hot Summer Swimwear Costume Box" />
    <String id="249320" toolTip="A box contain Arborea Police Costume Box" string="Arborea Police Costume Box" />
    <String id="249321" toolTip="" string="Special Police Costume for ELIN Gacha" />
    <String id="249322" toolTip="" string="Arborea Police Costume Box Gacha" />
    <String id="249323" toolTip="" string="Crimson Frost Weapon Gacha" />
    <String id="249324" toolTip="" string="Bright World Dragon Costume Gacha" />
    <String id="249325" toolTip="" string="Legendary Wolve Gacha" />
    <String id="249326" toolTip="" string="Mechanical Costume Gacha" />
    <String id="249327" toolTip="" string="Brawler Cat Punch Gacha" />
    <String id="249328" toolTip="" string="Hot Summer Swimwear Costume Gacha" />
    <String id="249329" toolTip="" string="" />
    <String id="249330" toolTip="" string="" />
    <String id="249331" toolTip="" string="" />
    <String id="249332" toolTip="" string="" />
    <String id="249333" toolTip="A box contain Golden Dragon Costume Box" string="Golden Dragon Costume Box" />
    <String id="249334" toolTip="A box containing Golden Dragon Box" string="Golden Dragon Weapon Box" />
    <String id="249335" toolTip="" string="Golden Rabbit Gacha" />
    <String id="249336" toolTip="" string="Golden Dragon Costume Gacha" />
    <String id="249337" toolTip="" string="" />
    <String id="249338" toolTip="" string="" />
    <String id="249339" toolTip="" string="" />
    <String id="249340" toolTip="" string="" />
    <String id="249341" toolTip="" string="" />
    <String id="249342" toolTip="" string="Golden Dragon Gacha" />
    <String id="249343" toolTip="A box containing Starglow Weapon [Tradeable] Box" string="Starglow Weapon [Tradeable] Box" />
    <String id="249344" toolTip="A box contain Starglow Comstume [Tradeable] Box" string="Starglow Comstume [Tradeable] Box" />
    <String id="249345" toolTip="A box contain Dyeable Valkyon Federation Uniform Box" string="Dyeable Valkyon Federation Uniform Box" />
    <String id="249346" toolTip="A box contain Valkyon Federation Uniform Box" string="Valkyon Federation Uniform Box" />
    <String id="249347" toolTip="A box contain US Swimwear 2019 Comstume" string="US Swimwear 2019 Comstume Box" />
    <String id="249348" toolTip="" string="Flash Shadow Costume and Weapon Gacha" />
    <String id="249349" toolTip="" string="Starglow Costume and Weapon Gacha" />
    <String id="249350" toolTip="" string="Valkyon Federation Uniform Gacha" />
    <String id="249351" toolTip="" string="US Swimwear 2019 Costume Gacha" />
    <String id="249352" toolTip="A box contain Special Motion Swimwear 2019" string="Special Motion Swimwear 2019 Box" />
    <String id="249353" toolTip="A box contain Dyable Swimwear 2019 Costume" string="Dyable Swimwear 2019 Costume Box" />
    <String id="249354" toolTip="A box contain Rare Swimwear 2019 Costume" string="Rare Swimwear 2019 Costume Box" />
    <String id="249355" toolTip="A box contain Swimwear 2019 Costume" string="Swimwear 2019 Costume Box" />
    <String id="249356" toolTip="A box contain Female Dyeable Apron Maid Costume" string="Female Dyeable Apron Maid Costume Box" />
    <String id="249357" toolTip="A box contain Female Apron Maid Rare A Costume" string="Female Apron Maid Rare A Costume Box" />
    <String id="249358" toolTip="A box contain Female Apron Maid Rare B Costume" string="Female Apron Maid Rare B Costume Box" />
    <String id="249359" toolTip="A box contain Female Apron Maid Costume" string="Female Apron Maid Costume Box" />
    <String id="249360" toolTip="" string="Swimwear 2019 Costume Gacha" />
    <String id="249361" toolTip="" string="Female Apron Maid Costume Gacha" />
    <String id="249362" toolTip="A box contain Yellow Duckie Costume Box" string="Yellow Duckie Costume Box" />
    <String id="249363" toolTip="A box contain Dyeable Duckie Costume Box" string="Dyeable Duckie Costume Box" />
    <String id="249364" toolTip="" string="Rainy Pack Gacha" />
    <String id="249365" toolTip="A box contain Dyeable Yukata Costume Box" string="Dyeable Yukata Costume Box" />
    <String id="249366" toolTip="A box contain Rare Yukata Costume Box" string="Rare Yukata Costume Box" />
    <String id="249367" toolTip="A box contain Yukata Costume Box" string="Yukata Costume Box" />
    <String id="249368" toolTip="" string="Yukata Costume Gacha" />
    <String id="249369" toolTip="" string="" />
    <String id="249370" toolTip="" string="" />
    <String id="249371" toolTip="" string="" />
    <String id="249372" toolTip="" string="" />
    <String id="249373" toolTip="" string="" />
    <String id="249374" toolTip="" string="" />
    <String id="249375" toolTip="" string="" />
    <String id="249376" toolTip="Right click to open box. You will get 1  Pet Resgistration from the list.&lt;br&gt;- Pet Resgistration: Rare Brown Cat&lt;br&gt;- Pet Resgistration: Rare Gray Cat&lt;br&gt;- Pet Resgistration: Simon&lt;br&gt;- Pet Resgistration: Totes&lt;br&gt;- Pet Resgistration: Cheeks&lt;br&gt;- Pet Registration: Felicity&lt;br&gt;- Several Pet Registrations for combination." string="100% Pet Box" />
    <String id="249377" toolTip="Right click to open. You will get: &lt;br&gt;- Fast Growth Potion (200%-400%) (1 Day)&lt;br&gt;- Skill Polishing 15 (1 Day)&lt;br&gt;- 100% Gold Hunter Boost (1 Day)" string="Growth Support Box" />
    <String id="249378" toolTip="Right click to open. You will get one Costume from the list. &lt;br&gt;- Dyeable Celestial Costume Box&lt;br&gt;- Volcanic Dragon Armor Costume Box&lt;br&gt;- Dyeable Modern Campus Look Costume Box&lt;br&gt;- Dyeable Steam Powered Costume Box&lt;br&gt;- Rare TERA School International 2019 Costume Box" string="Rare Random Costume Box" />
    <String id="249379" toolTip="Right click to open box. You will get 1  Pet Resgistration from the list.&lt;br&gt;Kuncun, Loo and Cocomin (Superior, Rare and Uncommon)" string="100% Partner Box" />
    <String id="249380" toolTip="Right click to open. You will get: &lt;br&gt;- EXP Gift Box&lt;br&gt;- Fast Growth Potion (500%-1000%) (1 Hour)" string="Passive Levelup Package" />
    <String id="249381" toolTip="Right click to open box. You will get 1  Summer Innerwear from the list.&lt;br&gt;Summer Yellow Innerwear or Summer Black Innerwear &lt;br&gt;With random option." string="Summer Innerwear Box" />
    <String id="249382" toolTip="Right click to open box. You will get 1  Flying mount from the list.&lt;br&gt;- Flying Skill: Royal Ghost Dragon&lt;br&gt;- Flying Skill: Flying Skill: Royal Diamond Dragon&lt;br&gt;- Flying Skill: Astrafury&lt;br&gt;- Flying Skill: Ashfury&lt;br&gt;- Flying Skill: Pteryx&lt;br&gt;- Flying Skill: Ultra Blue Bird (Special)&lt;br&gt;- Flying Skill: Ultra Yellow Bird (Special)&lt;br&gt;- Flying Skill: Ultra Dark Dragon [Blue] (Special)&lt;br&gt;- Flying Skill: Ultra Dark Dragon [Red] (Special)" string="Legendary Flying Mount Box" />
    <String id="249383" toolTip="Right click to open. You have 50% chance to get one item between &lt;br&gt;Ishara's Halidom I x5 or Amarun's Relic I x5" string="Perfect Relic Box" />
    <String id="249384" toolTip="Right click to open. You will get 1 item from the list.&lt;br&gt;- Enigmatic Carving Radiant Earring&lt;br&gt;- Enigmatic Carving Radiant Ring&lt;br&gt;- Enigmatic Forcetic Radiant Earring&lt;br&gt;- Enigmatic Forcetic Radiant Ring&lt;br&gt;- Enigmatic Carving Radiant Necklace&lt;br&gt;- Enigmatic Forcetic Radiant Necklace&lt;br&gt;- Enigmatic Radiant Circlet" string="Perfect Light Accessory Box" />
    <String id="249385" toolTip="Right click to open. You will get Perfect Relic Box and Perfect Light Accessory Box." string="[Step 8] 2019 Wish Box" />
    <String id="249386" toolTip="A box contain Female Dyeable Autumn Dancer Costume" string="Female Dyeable Autumn Dancer Costume Box" />
    <String id="249387" toolTip="A box contain Female Rare Autumn Dancer Costume" string="Female Rare Autumn Dancer Costume Box" />
    <String id="249388" toolTip="A box contain Female Autumn Dancer Costume" string="Female Autumn Dancer Costume Box" />
    <String id="249389" toolTip="" string="New Partner Ramdom Box I" />
    <String id="249390" toolTip="" string="2019 Innerwear Lucky Box" />
    <String id="249391" toolTip="" string="Autumn Leaves Stamp Gacha" />
    <String id="249392" toolTip="" string="Female Autumn Dancer Costume Gacha" />
    <String id="249393" toolTip="Right click to open. You have 50% chance to get one item between Legendary Flying Mount Box or [Step 8] 2019 Wish Box" string="[Step 7] 2019 Wish Box" />
    <String id="249394" toolTip="Right click to open. You have 50% chance to get one item between Summer Innerwear Box or [Step 7] 2019 Wish Box" string="[Step 6] 2019 Wish Box" />
    <String id="249395" toolTip="Right click to open. You have 50% chance to get one item between Passive Levelup Package or [Step 6] 2019 Wish Box" string="[Step 5] 2019 Wish Box" />
    <String id="249396" toolTip="Right click to open. You have 50% chance to get one item between Rare Random Costume Box or [Step 5] 2019 Wish Box" string="[Step 4] 2019 Wish Box" />
    <String id="249397" toolTip="Right click to open. You have 50% chance to get one item between Rare Random Costume Box or [Step 4] 2019 Wish Box" string="[Step 3] 2019 Wish Box" />
    <String id="249398" toolTip="Right click to open. You have 50% chance to get one item between Growth Support Box or [Step 3] 2019 Wish Box" string="[Step 2] 2019 Wish Box" />
    <String id="249399" toolTip="Right click to open. You have 50% chance to get one item between 100% Pet Box or [Step 2] 2019 Wish Box" string="[Step 1] 2019 Wish Box" />
    <String id="249400" toolTip="A box contain Halloween Costume" string="Halloween Costume Box" />
    <String id="249401" toolTip="A box contain Rare Halloween Costume" string="Rare Halloween Costume Box" />
    <String id="249402" toolTip="A box contain Dyeable Halloween Costume" string="Dyeable Halloween Costume Box" />
    <String id="249403" toolTip="" string="Halloween Costume Gacha" />
    <String id="855605" toolTip="" string="" />
    <String id="855606" toolTip="" string="" />
    <String id="855607" toolTip="" string="" />
    <String id="855608" toolTip="" string="" />
    <String id="855609" toolTip="" string="" />
    <String id="855610" toolTip="" string="" />
    <String id="855611" toolTip="" string="" />
    <String id="855612" toolTip="" string="" />
    <String id="855613" toolTip="" string="" />
    <String id="855614" toolTip="" string="" />
    <String id="855615" toolTip="" string="" />
    <String id="855616" toolTip="" string="" />
    <String id="855617" toolTip="" string="" />
    <String id="855618" toolTip="" string="" />
    <String id="855619" toolTip="" string="" />
    <String id="855620" toolTip="" string="" />
    <String id="855621" toolTip="" string="" />
    <String id="855622" toolTip="" string="" />
    <String id="855623" toolTip="" string="" />
    <String id="855624" toolTip="" string="" />
    <String id="855625" toolTip="" string="" />
</StrSheet_Item>
