<StrSheet_Item xmlns:xsi="http://www.w3.org/2001/XMLSchema-instance" xsi:schemaLocation="https://vezel.dev/novadrop/dc/StrSheet_Item StrSheet_Item.xsd" xmlns="https://vezel.dev/novadrop/dc/StrSheet_Item">
    <String id="241500" toolTip="" string="" />
    <String id="241501" toolTip="" string="" />
    <String id="241502" toolTip="" string="" />
    <String id="241503" toolTip="" string="" />
    <String id="241504" toolTip="" string="" />
    <String id="241505" toolTip="" string="" />
    <String id="241506" toolTip="" string="" />
    <String id="241507" toolTip="" string="" />
    <String id="241508" toolTip="" string="" />
    <String id="241509" toolTip="" string="" />
    <String id="241510" toolTip="" string="" />
    <String id="241511" toolTip="" string="" />
    <String id="241512" toolTip="" string="" />
    <String id="241513" toolTip="" string="" />
    <String id="241514" toolTip="" string="" />
    <String id="241515" toolTip="" string="" />
    <String id="241516" toolTip="" string="" />
    <String id="241517" toolTip="" string="" />
    <String id="241518" toolTip="" string="" />
    <String id="241519" toolTip="" string="" />
    <String id="241520" toolTip="" string="" />
    <String id="241521" toolTip="" string="" />
    <String id="241522" toolTip="" string="" />
    <String id="241523" toolTip="" string="" />
    <String id="241524" toolTip="" string="" />
    <String id="241525" toolTip="" string="" />
    <String id="241526" toolTip="" string="" />
    <String id="241527" toolTip="" string="" />
    <String id="241528" toolTip="" string="" />
    <String id="241529" toolTip="" string="" />
    <String id="241530" toolTip="" string="" />
    <String id="241531" toolTip="" string="" />
    <String id="241532" toolTip="" string="" />
    <String id="241533" toolTip="" string="" />
    <String id="241534" toolTip="" string="" />
    <String id="241535" toolTip="" string="" />
    <String id="241536" toolTip="" string="" />
    <String id="241537" toolTip="" string="" />
    <String id="241538" toolTip="" string="" />
    <String id="241539" toolTip="" string="" />
    <String id="241540" toolTip="" string="" />
    <String id="241541" toolTip="" string="" />
    <String id="241542" toolTip="" string="" />
    <String id="241543" toolTip="" string="" />
    <String id="241544" toolTip="" string="" />
    <String id="241545" toolTip="" string="" />
    <String id="241546" toolTip="" string="" />
    <String id="241547" toolTip="" string="" />
    <String id="241548" toolTip="" string="" />
    <String id="241549" toolTip="" string="" />
    <String id="241550" toolTip="" string="" />
    <String id="241551" toolTip="" string="" />
    <String id="241552" toolTip="" string="" />
    <String id="241553" toolTip="" string="" />
    <String id="241554" toolTip="" string="" />
    <String id="241555" toolTip="" string="" />
    <String id="241556" toolTip="" string="" />
    <String id="241557" toolTip="" string="" />
    <String id="241558" toolTip="" string="" />
    <String id="241559" toolTip="" string="" />
    <String id="241560" toolTip="" string="" />
    <String id="241561" toolTip="" string="" />
    <String id="241562" toolTip="" string="" />
    <String id="241563" toolTip="" string="" />
    <String id="241564" toolTip="" string="" />
    <String id="241565" toolTip="" string="" />
    <String id="241566" toolTip="" string="" />
    <String id="241567" toolTip="" string="" />
    <String id="241568" toolTip="" string="" />
    <String id="241569" toolTip="" string="" />
    <String id="241570" toolTip="" string="" />
    <String id="241571" toolTip="" string="" />
    <String id="241572" toolTip="" string="" />
    <String id="241573" toolTip="" string="" />
    <String id="241574" toolTip="" string="" />
    <String id="241575" toolTip="" string="" />
    <String id="241576" toolTip="" string="" />
    <String id="241577" toolTip="" string="" />
    <String id="241578" toolTip="" string="" />
    <String id="241579" toolTip="" string="" />
    <String id="241580" toolTip="" string="" />
    <String id="241581" toolTip="" string="" />
    <String id="241582" toolTip="" string="" />
    <String id="241583" toolTip="" string="" />
    <String id="241584" toolTip="" string="" />
    <String id="241585" toolTip="" string="" />
    <String id="241586" toolTip="" string="" />
    <String id="241587" toolTip="" string="" />
    <String id="241588" toolTip="" string="" />
    <String id="241589" toolTip="" string="" />
    <String id="241590" toolTip="" string="" />
    <String id="241591" toolTip="" string="" />
    <String id="241592" toolTip="" string="" />
    <String id="241593" toolTip="" string="" />
    <String id="241594" toolTip="" string="" />
    <String id="241595" toolTip="" string="" />
    <String id="241596" toolTip="" string="" />
    <String id="241597" toolTip="" string="" />
    <String id="241598" toolTip="" string="" />
    <String id="241599" toolTip="" string="" />
    <String id="241600" toolTip="" string="" />
    <String id="241601" toolTip="" string="" />
    <String id="241602" toolTip="" string="" />
    <String id="241603" toolTip="" string="" />
    <String id="241604" toolTip="" string="" />
    <String id="241605" toolTip="" string="" />
    <String id="241606" toolTip="" string="" />
    <String id="241607" toolTip="" string="" />
    <String id="241608" toolTip="" string="" />
    <String id="241609" toolTip="" string="" />
    <String id="241610" toolTip="" string="" />
    <String id="241611" toolTip="" string="" />
    <String id="241612" toolTip="" string="" />
    <String id="241613" toolTip="" string="" />
    <String id="241614" toolTip="" string="" />
    <String id="241615" toolTip="" string="" />
    <String id="241616" toolTip="" string="" />
    <String id="241617" toolTip="" string="" />
    <String id="241618" toolTip="" string="" />
    <String id="241619" toolTip="" string="" />
    <String id="241620" toolTip="" string="" />
    <String id="241621" toolTip="" string="" />
    <String id="241622" toolTip="" string="" />
    <String id="241623" toolTip="" string="" />
    <String id="241624" toolTip="" string="" />
    <String id="241625" toolTip="" string="" />
    <String id="241626" toolTip="" string="" />
    <String id="241627" toolTip="" string="" />
    <String id="241628" toolTip="" string="" />
    <String id="241629" toolTip="" string="" />
    <String id="241630" toolTip="" string="" />
    <String id="241631" toolTip="" string="" />
    <String id="241632" toolTip="" string="" />
    <String id="241633" toolTip="" string="" />
    <String id="241634" toolTip="" string="" />
    <String id="241635" toolTip="" string="" />
    <String id="241636" toolTip="" string="" />
    <String id="241637" toolTip="" string="" />
    <String id="241638" toolTip="" string="" />
    <String id="241639" toolTip="" string="" />
    <String id="241640" toolTip="" string="" />
    <String id="241641" toolTip="" string="" />
    <String id="241642" toolTip="" string="" />
    <String id="241643" toolTip="" string="" />
    <String id="241644" toolTip="" string="" />
    <String id="241645" toolTip="" string="" />
    <String id="241646" toolTip="" string="" />
    <String id="241647" toolTip="" string="" />
    <String id="241648" toolTip="" string="" />
    <String id="241649" toolTip="" string="" />
    <String id="241650" toolTip="" string="" />
    <String id="241651" toolTip="" string="" />
    <String id="241652" toolTip="" string="" />
    <String id="241653" toolTip="" string="" />
    <String id="241654" toolTip="" string="" />
    <String id="241655" toolTip="" string="" />
    <String id="241656" toolTip="" string="" />
    <String id="241657" toolTip="" string="" />
    <String id="241658" toolTip="" string="" />
    <String id="241659" toolTip="" string="" />
    <String id="241660" toolTip="" string="" />
    <String id="241661" toolTip="" string="" />
    <String id="241662" toolTip="" string="" />
    <String id="241663" toolTip="" string="" />
    <String id="241664" toolTip="" string="" />
    <String id="241665" toolTip="" string="" />
    <String id="241666" toolTip="" string="" />
    <String id="241667" toolTip="" string="" />
    <String id="241668" toolTip="" string="" />
    <String id="241669" toolTip="" string="" />
    <String id="241670" toolTip="" string="" />
    <String id="241671" toolTip="" string="" />
    <String id="241672" toolTip="" string="" />
    <String id="241673" toolTip="" string="" />
    <String id="241674" toolTip="" string="" />
    <String id="241675" toolTip="" string="" />
    <String id="241676" toolTip="" string="" />
    <String id="241677" toolTip="" string="" />
    <String id="241678" toolTip="" string="" />
    <String id="241679" toolTip="" string="" />
    <String id="241680" toolTip="" string="" />
    <String id="241681" toolTip="" string="" />
    <String id="241682" toolTip="" string="" />
    <String id="241683" toolTip="" string="" />
    <String id="241684" toolTip="" string="" />
    <String id="241685" toolTip="" string="" />
    <String id="241686" toolTip="" string="" />
    <String id="241687" toolTip="" string="" />
    <String id="241688" toolTip="" string="" />
    <String id="241689" toolTip="" string="" />
    <String id="241690" toolTip="" string="" />
    <String id="241691" toolTip="" string="" />
    <String id="241692" toolTip="" string="" />
    <String id="241693" toolTip="" string="" />
    <String id="241694" toolTip="" string="" />
    <String id="241695" toolTip="" string="" />
    <String id="241696" toolTip="" string="" />
    <String id="241697" toolTip="" string="" />
    <String id="241698" toolTip="" string="" />
    <String id="241699" toolTip="" string="" />
    <String id="241700" toolTip="" string="" />
    <String id="241701" toolTip="" string="" />
    <String id="241702" toolTip="" string="" />
    <String id="241703" toolTip="" string="" />
    <String id="241704" toolTip="" string="" />
    <String id="241705" toolTip="" string="" />
    <String id="241706" toolTip="" string="" />
    <String id="241707" toolTip="" string="" />
    <String id="241708" toolTip="" string="" />
    <String id="241709" toolTip="" string="" />
    <String id="241710" toolTip="" string="" />
    <String id="241711" toolTip="" string="" />
    <String id="241712" toolTip="" string="" />
    <String id="241713" toolTip="" string="" />
    <String id="241714" toolTip="" string="" />
    <String id="241715" toolTip="" string="" />
    <String id="241716" toolTip="" string="" />
    <String id="241717" toolTip="" string="" />
    <String id="241718" toolTip="" string="" />
    <String id="241719" toolTip="" string="" />
    <String id="241720" toolTip="" string="" />
    <String id="241721" toolTip="" string="" />
    <String id="241722" toolTip="" string="" />
    <String id="241723" toolTip="" string="" />
    <String id="241724" toolTip="" string="" />
    <String id="241725" toolTip="" string="" />
    <String id="241726" toolTip="" string="" />
    <String id="241727" toolTip="" string="" />
    <String id="241728" toolTip="" string="" />
    <String id="241729" toolTip="" string="" />
    <String id="241730" toolTip="" string="" />
    <String id="241731" toolTip="" string="" />
    <String id="241732" toolTip="" string="" />
    <String id="241733" toolTip="" string="" />
    <String id="241734" toolTip="" string="" />
    <String id="241735" toolTip="" string="" />
    <String id="241736" toolTip="" string="" />
    <String id="241737" toolTip="" string="" />
    <String id="241738" toolTip="" string="" />
    <String id="241739" toolTip="" string="" />
    <String id="241740" toolTip="" string="" />
    <String id="241741" toolTip="" string="" />
    <String id="241742" toolTip="" string="" />
    <String id="241743" toolTip="" string="" />
    <String id="241744" toolTip="" string="" />
    <String id="241745" toolTip="" string="" />
    <String id="241746" toolTip="" string="" />
    <String id="241747" toolTip="" string="" />
    <String id="241748" toolTip="" string="" />
    <String id="241749" toolTip="" string="" />
    <String id="241750" toolTip="" string="" />
    <String id="241751" toolTip="" string="" />
    <String id="241752" toolTip="" string="" />
    <String id="241753" toolTip="" string="" />
    <String id="241754" toolTip="" string="" />
    <String id="241755" toolTip="" string="" />
    <String id="241756" toolTip="" string="" />
    <String id="241757" toolTip="" string="" />
    <String id="241758" toolTip="" string="" />
    <String id="241759" toolTip="" string="" />
    <String id="241760" toolTip="" string="" />
    <String id="241761" toolTip="" string="" />
    <String id="241762" toolTip="" string="" />
    <String id="241763" toolTip="" string="" />
    <String id="241764" toolTip="" string="" />
    <String id="241765" toolTip="" string="" />
    <String id="241766" toolTip="" string="" />
    <String id="241767" toolTip="" string="" />
    <String id="241768" toolTip="" string="" />
    <String id="241769" toolTip="" string="" />
    <String id="241770" toolTip="" string="" />
    <String id="241771" toolTip="" string="" />
    <String id="241772" toolTip="" string="" />
    <String id="241773" toolTip="" string="" />
    <String id="241774" toolTip="" string="" />
    <String id="241775" toolTip="" string="" />
    <String id="241776" toolTip="" string="" />
    <String id="241777" toolTip="" string="" />
    <String id="241778" toolTip="" string="" />
    <String id="241779" toolTip="" string="" />
    <String id="241780" toolTip="" string="" />
    <String id="241781" toolTip="" string="" />
    <String id="241782" toolTip="" string="" />
    <String id="241783" toolTip="" string="" />
    <String id="241784" toolTip="" string="" />
    <String id="241785" toolTip="" string="" />
    <String id="241786" toolTip="" string="" />
    <String id="241787" toolTip="" string="" />
    <String id="241788" toolTip="" string="" />
    <String id="241789" toolTip="" string="" />
    <String id="241790" toolTip="" string="" />
    <String id="241791" toolTip="" string="" />
    <String id="241792" toolTip="" string="" />
    <String id="241793" toolTip="" string="" />
    <String id="241794" toolTip="" string="" />
    <String id="241795" toolTip="" string="" />
    <String id="241796" toolTip="" string="" />
    <String id="241797" toolTip="" string="" />
    <String id="241798" toolTip="" string="" />
    <String id="241799" toolTip="" string="" />
    <String id="241800" toolTip="" string="" />
    <String id="241801" toolTip="" string="" />
    <String id="241802" toolTip="" string="" />
    <String id="241803" toolTip="" string="" />
    <String id="241804" toolTip="" string="" />
    <String id="241805" toolTip="" string="" />
    <String id="241806" toolTip="" string="" />
    <String id="241807" toolTip="" string="" />
    <String id="241808" toolTip="" string="" />
    <String id="241809" toolTip="" string="" />
    <String id="241810" toolTip="" string="" />
    <String id="241811" toolTip="" string="" />
    <String id="241812" toolTip="" string="" />
    <String id="241813" toolTip="" string="" />
    <String id="241814" toolTip="" string="" />
    <String id="241815" toolTip="" string="" />
    <String id="241816" toolTip="" string="" />
    <String id="241817" toolTip="" string="" />
    <String id="241818" toolTip="" string="" />
    <String id="241819" toolTip="" string="" />
    <String id="241820" toolTip="" string="" />
    <String id="241821" toolTip="" string="" />
    <String id="241822" toolTip="" string="" />
    <String id="241823" toolTip="" string="" />
    <String id="241824" toolTip="" string="" />
    <String id="241825" toolTip="" string="" />
    <String id="241826" toolTip="" string="" />
    <String id="241827" toolTip="" string="" />
    <String id="241828" toolTip="" string="" />
    <String id="241829" toolTip="" string="" />
    <String id="241830" toolTip="" string="" />
    <String id="241831" toolTip="" string="" />
    <String id="241832" toolTip="" string="" />
    <String id="241833" toolTip="" string="" />
    <String id="241834" toolTip="" string="" />
    <String id="241835" toolTip="" string="" />
    <String id="241836" toolTip="" string="" />
    <String id="241837" toolTip="" string="" />
    <String id="241838" toolTip="" string="" />
    <String id="241839" toolTip="" string="" />
    <String id="241840" toolTip="" string="" />
    <String id="241841" toolTip="" string="" />
    <String id="241842" toolTip="" string="" />
    <String id="241843" toolTip="" string="" />
    <String id="241844" toolTip="" string="" />
    <String id="241845" toolTip="" string="" />
    <String id="241846" toolTip="" string="" />
    <String id="241847" toolTip="" string="" />
    <String id="241848" toolTip="" string="" />
    <String id="241849" toolTip="" string="" />
    <String id="241850" toolTip="" string="" />
    <String id="241851" toolTip="" string="" />
    <String id="241852" toolTip="" string="" />
    <String id="241853" toolTip="" string="" />
    <String id="241854" toolTip="" string="" />
    <String id="241855" toolTip="" string="" />
    <String id="241856" toolTip="" string="" />
    <String id="241857" toolTip="" string="" />
    <String id="241858" toolTip="" string="" />
    <String id="241859" toolTip="" string="" />
    <String id="241860" toolTip="" string="" />
    <String id="241861" toolTip="" string="" />
    <String id="241862" toolTip="" string="" />
    <String id="241863" toolTip="" string="" />
    <String id="241864" toolTip="" string="" />
    <String id="241865" toolTip="" string="" />
    <String id="241866" toolTip="" string="" />
    <String id="241867" toolTip="" string="" />
    <String id="241868" toolTip="" string="" />
    <String id="241869" toolTip="" string="" />
    <String id="241870" toolTip="" string="" />
    <String id="241871" toolTip="" string="" />
    <String id="241872" toolTip="" string="" />
    <String id="241873" toolTip="" string="" />
    <String id="241874" toolTip="" string="" />
    <String id="241875" toolTip="" string="" />
    <String id="241876" toolTip="" string="" />
    <String id="241877" toolTip="" string="" />
    <String id="241878" toolTip="" string="" />
    <String id="241879" toolTip="" string="" />
    <String id="241880" toolTip="" string="" />
    <String id="241881" toolTip="" string="" />
    <String id="241882" toolTip="" string="" />
    <String id="241883" toolTip="" string="" />
    <String id="241884" toolTip="" string="" />
    <String id="241885" toolTip="" string="" />
    <String id="241886" toolTip="" string="" />
    <String id="241887" toolTip="" string="" />
    <String id="241888" toolTip="" string="" />
    <String id="241889" toolTip="" string="" />
    <String id="241890" toolTip="" string="" />
    <String id="241891" toolTip="" string="" />
    <String id="241892" toolTip="" string="" />
    <String id="241893" toolTip="" string="" />
    <String id="241894" toolTip="" string="" />
    <String id="241895" toolTip="" string="" />
    <String id="241896" toolTip="" string="" />
    <String id="241897" toolTip="" string="" />
    <String id="241898" toolTip="" string="" />
    <String id="241899" toolTip="" string="" />
    <String id="241900" toolTip="" string="" />
    <String id="241901" toolTip="" string="" />
    <String id="241902" toolTip="" string="" />
    <String id="241903" toolTip="" string="" />
    <String id="241904" toolTip="" string="" />
    <String id="241905" toolTip="" string="" />
    <String id="241906" toolTip="" string="" />
    <String id="241907" toolTip="" string="" />
    <String id="241908" toolTip="" string="" />
    <String id="241909" toolTip="" string="" />
    <String id="241910" toolTip="" string="" />
    <String id="241911" toolTip="" string="" />
    <String id="241912" toolTip="" string="" />
    <String id="241913" toolTip="" string="" />
    <String id="241914" toolTip="" string="" />
    <String id="241915" toolTip="" string="" />
    <String id="241916" toolTip="" string="" />
    <String id="241917" toolTip="" string="" />
    <String id="241918" toolTip="" string="" />
    <String id="241919" toolTip="" string="" />
    <String id="241920" toolTip="" string="" />
    <String id="241921" toolTip="" string="" />
    <String id="241922" toolTip="" string="" />
    <String id="241923" toolTip="" string="" />
    <String id="241924" toolTip="" string="" />
    <String id="241925" toolTip="" string="" />
    <String id="241926" toolTip="" string="" />
    <String id="241927" toolTip="" string="" />
    <String id="241928" toolTip="" string="" />
    <String id="241929" toolTip="" string="" />
    <String id="241930" toolTip="" string="" />
    <String id="241931" toolTip="" string="" />
    <String id="241932" toolTip="" string="" />
    <String id="241933" toolTip="" string="" />
    <String id="241934" toolTip="" string="" />
    <String id="241935" toolTip="" string="" />
    <String id="241936" toolTip="" string="" />
    <String id="241937" toolTip="" string="" />
    <String id="241938" toolTip="" string="" />
    <String id="241939" toolTip="" string="" />
    <String id="241940" toolTip="" string="" />
    <String id="241941" toolTip="" string="" />
    <String id="241942" toolTip="" string="" />
    <String id="241943" toolTip="" string="" />
    <String id="241944" toolTip="" string="" />
    <String id="241945" toolTip="" string="" />
    <String id="241946" toolTip="" string="" />
    <String id="241947" toolTip="" string="" />
    <String id="241948" toolTip="" string="" />
    <String id="241949" toolTip="" string="" />
    <String id="241950" toolTip="" string="" />
    <String id="241951" toolTip="" string="" />
    <String id="241952" toolTip="" string="" />
    <String id="241953" toolTip="" string="" />
    <String id="241954" toolTip="" string="" />
    <String id="241955" toolTip="" string="" />
    <String id="241956" toolTip="" string="" />
    <String id="241957" toolTip="" string="" />
    <String id="241958" toolTip="" string="" />
    <String id="241959" toolTip="" string="" />
    <String id="241960" toolTip="" string="" />
    <String id="241961" toolTip="" string="" />
    <String id="241962" toolTip="" string="" />
    <String id="241963" toolTip="" string="" />
    <String id="241964" toolTip="" string="" />
    <String id="241965" toolTip="" string="" />
    <String id="241966" toolTip="" string="" />
    <String id="241967" toolTip="" string="" />
    <String id="241968" toolTip="" string="" />
    <String id="241969" toolTip="" string="" />
    <String id="241970" toolTip="" string="" />
    <String id="241971" toolTip="" string="" />
    <String id="241972" toolTip="" string="" />
    <String id="241973" toolTip="" string="" />
    <String id="241974" toolTip="" string="" />
    <String id="241975" toolTip="" string="" />
    <String id="241976" toolTip="" string="" />
    <String id="241977" toolTip="" string="" />
    <String id="241978" toolTip="" string="" />
    <String id="241979" toolTip="" string="" />
    <String id="241980" toolTip="" string="" />
    <String id="241981" toolTip="" string="" />
    <String id="241982" toolTip="" string="" />
    <String id="241983" toolTip="" string="" />
    <String id="241984" toolTip="" string="" />
    <String id="241985" toolTip="" string="" />
    <String id="241986" toolTip="" string="" />
    <String id="241987" toolTip="" string="" />
    <String id="241988" toolTip="" string="" />
    <String id="241989" toolTip="" string="" />
    <String id="241990" toolTip="" string="" />
    <String id="241991" toolTip="" string="" />
    <String id="241992" toolTip="" string="" />
    <String id="241993" toolTip="" string="" />
    <String id="241994" toolTip="" string="" />
    <String id="241995" toolTip="" string="" />
    <String id="241996" toolTip="" string="" />
    <String id="241997" toolTip="" string="" />
    <String id="241998" toolTip="" string="" />
    <String id="241999" toolTip="" string="" />
    <String id="242000" toolTip="" string="" />
    <String id="242001" toolTip="" string="" />
    <String id="242002" toolTip="" string="" />
    <String id="242003" toolTip="" string="" />
    <String id="242004" toolTip="" string="" />
    <String id="242005" toolTip="" string="" />
    <String id="242006" toolTip="" string="" />
    <String id="242007" toolTip="" string="" />
    <String id="242008" toolTip="" string="" />
    <String id="242009" toolTip="" string="" />
    <String id="242010" toolTip="" string="" />
    <String id="242011" toolTip="" string="" />
    <String id="242012" toolTip="" string="" />
    <String id="242013" toolTip="" string="" />
    <String id="242014" toolTip="" string="" />
    <String id="242015" toolTip="" string="" />
    <String id="242016" toolTip="" string="" />
    <String id="242017" toolTip="" string="" />
    <String id="242018" toolTip="" string="" />
    <String id="242019" toolTip="" string="" />
    <String id="242020" toolTip="" string="" />
    <String id="242021" toolTip="" string="" />
    <String id="242022" toolTip="" string="" />
    <String id="242023" toolTip="" string="" />
    <String id="242024" toolTip="" string="" />
    <String id="242025" toolTip="" string="" />
    <String id="242026" toolTip="" string="" />
    <String id="242027" toolTip="" string="" />
    <String id="242028" toolTip="" string="" />
    <String id="242029" toolTip="" string="" />
    <String id="242030" toolTip="" string="" />
    <String id="242031" toolTip="" string="" />
    <String id="242032" toolTip="" string="" />
    <String id="242033" toolTip="" string="" />
    <String id="242034" toolTip="" string="" />
    <String id="242035" toolTip="" string="" />
    <String id="242036" toolTip="" string="" />
    <String id="242037" toolTip="" string="" />
    <String id="242038" toolTip="" string="" />
    <String id="242039" toolTip="" string="" />
    <String id="242040" toolTip="" string="" />
    <String id="242041" toolTip="" string="" />
    <String id="242042" toolTip="" string="" />
    <String id="242043" toolTip="" string="" />
    <String id="242044" toolTip="" string="" />
    <String id="242045" toolTip="" string="" />
    <String id="242046" toolTip="" string="" />
    <String id="242047" toolTip="" string="" />
    <String id="242048" toolTip="" string="" />
    <String id="242049" toolTip="" string="" />
    <String id="242050" toolTip="" string="" />
    <String id="242051" toolTip="" string="" />
    <String id="242052" toolTip="" string="" />
    <String id="242053" toolTip="" string="" />
    <String id="242054" toolTip="" string="" />
    <String id="242055" toolTip="" string="" />
    <String id="242056" toolTip="" string="" />
    <String id="242057" toolTip="" string="" />
    <String id="242058" toolTip="" string="" />
    <String id="242059" toolTip="" string="" />
    <String id="242060" toolTip="" string="" />
    <String id="242061" toolTip="" string="" />
    <String id="242062" toolTip="" string="" />
    <String id="242063" toolTip="" string="" />
    <String id="242064" toolTip="" string="" />
    <String id="242065" toolTip="" string="" />
    <String id="242066" toolTip="" string="" />
    <String id="242067" toolTip="" string="" />
    <String id="242068" toolTip="" string="" />
    <String id="242069" toolTip="" string="" />
    <String id="242070" toolTip="" string="" />
    <String id="242071" toolTip="" string="" />
    <String id="242072" toolTip="" string="" />
    <String id="242073" toolTip="" string="" />
    <String id="242074" toolTip="" string="" />
    <String id="242075" toolTip="" string="" />
    <String id="242076" toolTip="" string="" />
    <String id="242077" toolTip="" string="" />
    <String id="242078" toolTip="" string="" />
    <String id="242079" toolTip="" string="" />
    <String id="242080" toolTip="" string="" />
    <String id="242081" toolTip="" string="" />
    <String id="242082" toolTip="" string="" />
    <String id="242083" toolTip="" string="" />
    <String id="242084" toolTip="" string="" />
    <String id="242085" toolTip="" string="" />
    <String id="242086" toolTip="" string="" />
    <String id="242087" toolTip="" string="" />
    <String id="242088" toolTip="" string="" />
    <String id="242089" toolTip="" string="" />
    <String id="242090" toolTip="" string="" />
    <String id="242091" toolTip="" string="" />
    <String id="242092" toolTip="" string="" />
    <String id="242093" toolTip="" string="" />
    <String id="242094" toolTip="" string="" />
    <String id="242095" toolTip="" string="" />
    <String id="242096" toolTip="" string="" />
    <String id="242097" toolTip="" string="" />
    <String id="242098" toolTip="" string="" />
    <String id="242099" toolTip="" string="" />
    <String id="242100" toolTip="" string="" />
    <String id="242101" toolTip="" string="" />
    <String id="242102" toolTip="" string="" />
    <String id="242103" toolTip="" string="" />
    <String id="242104" toolTip="" string="" />
    <String id="242105" toolTip="" string="" />
    <String id="242106" toolTip="" string="" />
    <String id="242107" toolTip="" string="" />
    <String id="242108" toolTip="" string="" />
    <String id="242109" toolTip="" string="" />
    <String id="242110" toolTip="" string="" />
    <String id="242111" toolTip="" string="" />
    <String id="242112" toolTip="" string="" />
    <String id="242113" toolTip="" string="" />
    <String id="242114" toolTip="" string="" />
    <String id="242115" toolTip="" string="" />
    <String id="242116" toolTip="" string="" />
    <String id="242117" toolTip="" string="" />
    <String id="242118" toolTip="" string="" />
    <String id="242119" toolTip="" string="" />
    <String id="242120" toolTip="" string="" />
    <String id="242121" toolTip="" string="" />
    <String id="242122" toolTip="" string="" />
    <String id="242123" toolTip="" string="" />
    <String id="242124" toolTip="" string="" />
    <String id="242125" toolTip="" string="" />
    <String id="242126" toolTip="" string="" />
    <String id="242127" toolTip="" string="" />
    <String id="242128" toolTip="" string="" />
    <String id="242129" toolTip="" string="" />
    <String id="242130" toolTip="" string="" />
    <String id="242131" toolTip="" string="" />
    <String id="242132" toolTip="" string="" />
    <String id="242133" toolTip="" string="" />
    <String id="242134" toolTip="" string="" />
    <String id="242135" toolTip="" string="" />
    <String id="242136" toolTip="" string="" />
    <String id="242137" toolTip="" string="" />
    <String id="242138" toolTip="" string="" />
    <String id="242139" toolTip="" string="" />
    <String id="242140" toolTip="" string="" />
    <String id="242141" toolTip="" string="" />
    <String id="242142" toolTip="" string="" />
    <String id="242143" toolTip="" string="" />
    <String id="242144" toolTip="" string="" />
    <String id="242145" toolTip="" string="" />
    <String id="242146" toolTip="" string="" />
    <String id="242147" toolTip="" string="" />
    <String id="242148" toolTip="" string="" />
    <String id="242149" toolTip="" string="" />
    <String id="242150" toolTip="" string="" />
    <String id="242151" toolTip="" string="" />
    <String id="242152" toolTip="" string="" />
    <String id="242153" toolTip="" string="" />
    <String id="242154" toolTip="" string="" />
    <String id="242155" toolTip="" string="" />
    <String id="242156" toolTip="" string="" />
    <String id="242157" toolTip="" string="" />
    <String id="242158" toolTip="" string="" />
    <String id="242159" toolTip="" string="" />
    <String id="242160" toolTip="" string="" />
    <String id="242161" toolTip="" string="" />
    <String id="242162" toolTip="" string="" />
    <String id="242163" toolTip="" string="" />
    <String id="242164" toolTip="" string="" />
    <String id="242165" toolTip="" string="" />
    <String id="242166" toolTip="" string="" />
    <String id="242167" toolTip="" string="" />
    <String id="242168" toolTip="" string="" />
    <String id="242169" toolTip="" string="" />
    <String id="242170" toolTip="" string="" />
    <String id="242171" toolTip="" string="" />
    <String id="242172" toolTip="" string="" />
    <String id="242173" toolTip="" string="" />
    <String id="242174" toolTip="" string="" />
    <String id="242175" toolTip="" string="" />
    <String id="242176" toolTip="" string="" />
    <String id="242177" toolTip="" string="" />
    <String id="242178" toolTip="" string="" />
    <String id="242179" toolTip="" string="" />
    <String id="242180" toolTip="" string="" />
    <String id="242181" toolTip="" string="" />
    <String id="242182" toolTip="" string="" />
    <String id="242183" toolTip="" string="" />
    <String id="242184" toolTip="" string="" />
    <String id="242185" toolTip="" string="" />
    <String id="242186" toolTip="" string="" />
    <String id="242187" toolTip="" string="" />
    <String id="242188" toolTip="" string="" />
    <String id="242189" toolTip="" string="" />
    <String id="242190" toolTip="" string="" />
    <String id="242191" toolTip="" string="" />
    <String id="242192" toolTip="" string="" />
    <String id="242193" toolTip="" string="" />
    <String id="242194" toolTip="" string="" />
    <String id="242195" toolTip="" string="" />
    <String id="242196" toolTip="" string="" />
    <String id="242197" toolTip="" string="" />
    <String id="242198" toolTip="" string="" />
    <String id="242199" toolTip="" string="" />
    <String id="242200" toolTip="" string="" />
    <String id="242201" toolTip="" string="" />
    <String id="242202" toolTip="" string="" />
    <String id="242203" toolTip="" string="" />
    <String id="242204" toolTip="" string="" />
    <String id="242205" toolTip="" string="" />
    <String id="242206" toolTip="" string="" />
    <String id="242207" toolTip="" string="" />
    <String id="242208" toolTip="" string="" />
    <String id="242209" toolTip="" string="" />
    <String id="242210" toolTip="" string="" />
    <String id="242211" toolTip="" string="" />
    <String id="242212" toolTip="" string="" />
    <String id="242213" toolTip="" string="" />
    <String id="242214" toolTip="" string="" />
    <String id="242215" toolTip="" string="" />
    <String id="242216" toolTip="" string="" />
    <String id="242217" toolTip="" string="" />
    <String id="242218" toolTip="" string="" />
    <String id="242219" toolTip="" string="" />
    <String id="242220" toolTip="" string="" />
    <String id="242221" toolTip="" string="" />
    <String id="242222" toolTip="" string="" />
    <String id="242223" toolTip="" string="" />
    <String id="242224" toolTip="" string="" />
</StrSheet_Item>
