<StrSheet_Dungeon xmlns:xsi="http://www.w3.org/2001/XMLSchema-instance" xsi:schemaLocation="https://vezel.dev/novadrop/dc/StrSheet_Dungeon StrSheet_Dungeon.xsd" xmlns="https://vezel.dev/novadrop/dc/StrSheet_Dungeon">
    <String id="9999" string="被遺忘的副本探險隊" />
    <String id="8999" string="貝里克神殿" />
    <String id="9001" string="沙魔爾官邸" />
    <String id="9002" string="生命之泉" />
    <String id="9003" string="爆炎山脈深層" />
    <String id="9005" string="小丑別墅" />
    <String id="9006" string="真實惡夢的王座" />
    <String id="9007" string="突沙軍團指揮所" />
    <String id="9008" string="瑪拉基實驗室" />
    <String id="9010" string="凱亞多勒司令官室" />
    <String id="9011" string="鐵匠工房" />
    <String id="9012" string="三個塔上層部" />
    <String id="9013" string="阿勒坤能量儲藏庫" />
    <String id="9014" string="卡諾比亞激戰地" />
    <String id="9016" string="黎明庭園" />
    <String id="9017" string="太陽燈塔" />
    <String id="9018" string="前線地下地窟" />
    <String id="9019" string="神秘地帶研究所前院" />
    <String id="9020" string="秘密基地後門" />
    <String id="9021" string="隱藏地窟" />
    <String id="9022" string="苦痛殿堂" />
    <String id="9023" string="庫特摩修克隱身處" />
    <String id="9024" string="遺棄的教堂" />
    <String id="9025" string="博得神殿" />
    <String id="9028" string="瑪拉基實驗室" />
    <String id="9031" string="阿卡莎隱身處(試驗的副本)" />
    <String id="9032" string="黃金迷宮(試驗的副本)" />
    <String id="9033" string="兇暴基露卡爾的洞穴(試驗的副本)" />
    <String id="9036" string="卡若斯帢召喚地" />
    <String id="9037" string="暗黑裂縫入口" />
    <String id="9038" string="未知叢林" />
    <String id="9039" string="護送隊襲擊地" />
    <String id="9040" string="貝利卡廣場" />
    <String id="9041" string="貝利卡東門" />
    <String id="9042" string="貝利卡司令部" />
    <String id="9046" string="受咒綠洲" />
    <String id="9050" string="貪婪的卡舒帕露峽谷" />
    <String id="9750" string="卡舒帕露峽谷" />
    <String id="9061" string="巨人遺跡地" />
    <String id="9062" string="小丑別墅" />
    <String id="9063" string="漆黑祭壇" />
    <String id="9064" string="熔岩之廳" />
    <String id="9065" string="女神花園" />
    <String id="9071" string="邪靈術研究所" />
    <String id="9072" string="黃金迷宮" />
    <String id="9073" string="暗黑塔" />
    <String id="9074" string="復活聖所" />
    <String id="9075" string="凱爾賽克巢穴" />
    <String id="9076" string="恐怖的迷宮" />
    <String id="9077" string="巴特沙漠" />
    <String id="9078" string="費比修實驗室" />
    <String id="9079" string="札巴勒曼蒼穹" />
    <String id="9080" string="窟拉德緒結界" />
    <String id="9081" string="極寒修練場" />
    <String id="9082" string="鐵壁修練場" />
    <String id="9083" string="突破修練場" />
    <String id="9087" string="秘密基地" />
    <String id="9088" string="凡貝爾宅邸" />
    <String id="9089" string="邪教徒隱身處" />
    <String id="9090" string="森林小徑" />
    <String id="9091" string="次元結界" />
    <String id="9092" string="達坤之墓" />
    <String id="9093" string="阿卡莎隱身處" />
    <String id="9094" string="煞雷諾空中庭園" />
    <String id="9096" string="席幽卡迴廊" />
    <String id="9724" string="遺棄的教堂(攻擊隊)" />
    <String id="9725" string="博得神殿(攻擊隊)" />
    <String id="9793" string="阿卡莎隱身處 (攻擊隊)" />
    <String id="9773" string="暗黑塔 (攻擊隊)" />
    <String id="9775" string="凱爾賽克巢穴" />
    <String id="9776" string="恐怖迷宮 (攻擊隊)" />
    <String id="9801" string="暗黑次元的異空間" />
    <String id="9802" string="暗黑次元的異空間" />
    <String id="9803" string="暗黑次元的異空間" />
    <String id="9026" string="阿勒坤魅迪提亞" />
    <String id="9726" string="阿勒坤魅迪提亞 (攻擊隊)" />
    <String id="9027" string="珊德拉馬奈伊亞(高階)" />
    <String id="9727" string="珊德拉馬奈伊亞" />
    <String id="9095" string="業火之坑" />
    <String id="9795" string="庫札特的礦山" />
    <String id="9045" string="布魯帕斯特山" />
    <String id="9047" string="萬聖節副本" />
    <String id="9126" string="佩特萊養成所" />
    <String id="9975" string="狂暴的凱爾賽克聖所" />
    <String id="9911" string="憤怒的凱爾賽克聖所" />
    <String id="9051" string="骯髒神殿" />
    <String id="9052" string="血腥慶典場" />
    <String id="9711" string="兇暴基露卡爾的洞穴" />
    <String id="9611" string="兇暴基露卡爾的洞穴" />
    <String id="9777" string="古代的低下暗渠" />
    <String id="9766" string="赤紅海團的陷阱" />
    <String id="9043" string="魔法師要塞(高階)" />
    <String id="9643" string="魔法師要塞" />
    <String id="9743" string="魔法師要塞(攻擊隊)" />
    <String id="9053" string="巨人叢林(五人）" />
    <String id="9511" string="黑暗洞窟" />
    <String id="9811" string="黑暗洞窟" />
    <String id="9810" string="拉坎祭壇" />
    <String id="9813" string="奇利安森林" />
    <String id="9821" string="拉格南要塞 2樓" />
    <String id="9822" string="阿克德法基地" />
    <String id="9814" string="阿魯卡那克那伊亞" />
    <String id="9818" string="秘密實驗室" />
    <String id="9827" string="提雅拉尼亞" />
    <String id="9828" string="守護者村莊" />
    <String id="9829" string="提亞蘭樹" />
    <String id="9833" string="古龍峽谷" />
    <String id="9887" string="秘密基地(單人)" />
    <String id="9888" string="凡貝爾宅邸(單人)" />
    <String id="9889" string="邪教徒隱身處(單人)" />
    <String id="9871" string="邪靈術研究所(單人)" />
    <String id="9872" string="黃金迷宮(單人)" />
    <String id="9894" string="煞雷諾空中庭園(單人)" />
    <String id="9876" string="恐怖迷宮(單人)" />
    <String id="9873" string="暗黑塔(單人)" />
    <String id="9879" string="札巴勒曼蒼穹" />
    <String id="9820" string="扺抗軍秘密營地" />
    <String id="9880" string="窟拉德緒結界(單人)" />
    <String id="9824" string="遺棄的教堂(單人)" />
    <String id="9825" string="博得神殿(單人)" />
    <String id="9151" string="聯盟領地某地區" />
    <String id="9808" string="阿克德法武器庫" />
    <String id="9809" string="戴蒙克隆實驗室" />
    <String id="9054" string="邪惡的奧露卡神殿" />
    <String id="9754" string="奧露卡神殿" />
    <String id="9055" string="哈露奇亞的安息地" />
    <String id="9823" string="艾爾凱亞號" />
    <String id="9826" string="拉格南要塞地下" />
    <String id="9916" string="暴風的艾爾凱拉斯號" />
    <String id="9716" string="艾爾凱拉斯號" />
    <String id="9885" string="幻影之塔" />
    <String id="9886" string="幻影之塔 第16層" />
    <String id="9713" string="奇利安森林 (付費)" />
    <String id="9714" string="優惠專用空間" />
    <String id="9804" string="凱爾賽克巢穴（日本比賽用)" />
    <String id="9979" string="札巴勒曼巢窟" />
    <String id="9057" string="傲慢的阿凱倫炎獄" />
    <String id="9757" string="阿凱倫炎獄" />
    <String id="9029" string="復活教堂" />
    <String id="9056" string="扭曲的法羅納時空" />
    <String id="9756" string="法羅納時空" />
    <String id="9060" string="惡人凱利班突擊船" />
    <String id="9760" string="凱利班突擊船" />
    <String id="9860" string="弱化凱利班突擊船" />
    <String id="9059" string="伯恩斯坦惡靈島" />
    <String id="9759" string="伯恩斯坦惡靈島 (高階)" />
    <String id="9830" string="天空競技場" />
    <String id="9067" string="殘暴費勒諾的實驗室" />
    <String id="9767" string="費勒諾的實驗室" />
    <String id="9769" string="莉里斯城" />
    <String id="9969" string="惡女莉里斯城" />
    <String id="9068" string="暴君杜利溫的安息地" />
    <String id="9768" string="杜利溫的安息地" />
    <String id="9070" string="吹牛王塔勒斯基的遊樂場" />
    <String id="9069" string="拉格南城的記憶" />
    <String id="9970" string="超越的拉坎里斯的廢墟" />
    <String id="9770" string="拉坎里斯的廢墟" />
    <String id="9950" string="破壞的神界關口" />
    <String id="9710" string="扭曲的拉坎祭壇" />
    <String id="9780" string="貝利卡地下關口" />
    <String id="9980" string="倒塌的貝利卡地下關口" />
    <String id="9981" string="塌陷的貝里克神殿" />
    <String id="9781" string="貝里克神殿" />
    <String id="9681" string="貝里克之夢" />
    <String id="9066" string="岱魔魯斯的輪盤" />
    <String id="9794" string="賽伊洛斯研究基地" />
    <String id="9994" string="阿爾法賽伊洛斯研究基地" />
    <String id="9735" string="RK-9 機庫" />
    <String id="9935" string="終極RK-9 機庫" />
    <String id="9505" string="破壞的貝利卡宴會場" />
    <String id="9506" string="貝利卡宴會場" />
    <String id="9507" string="龍界" />
    <String id="9508" string="內面世界" />
    <String id="9509" string="和平的貝利卡宴會場" />
    <String id="9739" string="革命團總部" />
    <String id="9939" string="森嚴的革命團總部" />
    <String id="9920" string="空洞的安塔洛斯深淵" />
    <String id="9720" string="安塔洛斯深淵" />
    <String id="9034" string="殘酷幻影之塔" />
    <String id="9783" string="泰內布利斯城堡" />
    <String id="9983" string="漆黑的泰內布利斯城堡" />
    <String id="9782" string="里安的地下殿堂" />
    <String id="9982" string="扭曲的里安地下殿堂" />
    <String id="9044" string="巴哈勒神殿" />
    <String id="3012" string="守護者訓練所" />
    <String id="3016" string="莉里斯城(試驗的副本)" />
    <String id="3018" string="漆黑的泰內布利斯城堡(7人)" />
    <String id="3019" string="扭曲的里安地下殿堂(7人)" />
    <String id="3017" string="空洞的安塔洛斯深淵(7人)" />
    <String id="3001" string="秘密基地(1人)" />
    <String id="3002" string="凡貝爾宅邸(1人)" />
    <String id="3003" string="邪教徒隱身處(1人)" />
    <String id="3004" string="邪靈術研究所(1人)" />
    <String id="3005" string="黃金迷宮(1人)" />
    <String id="3006" string="阿卡莎隱身處(1人)" />
    <String id="3007" string="煞雷諾空中庭園(1人)" />
    <String id="3008" string="恐怖迷宮(1人)" />
    <String id="3009" string="暗黑塔(1人)" />
    <String id="3010" string="凱爾賽克巢穴(1人)" />
    <String id="3011" string="珊德拉馬奈伊亞(1人)" />
    <String id="9503" string="巴其溫聯盟總司令官官邸" />
    <String id="3101" string="費爾奎娜巢穴" />
    <String id="3201" string="燦爛的費爾奎娜巢穴" />
    <String id="3020" string="金麟號" />
    <String id="3024" string="阿勒卡夫孵化場" />
    <String id="3025" string="阿勒卡夫孵化場(困難)" />
    <String id="3023" string="貝爾亞克城堡秘密地區" />
    <String id="3026" string="凱爾賽克隱藏地" />
    <String id="2000" string="艾索杜勒" />
    <String id="2100" string="龍族建築物" />
    <String id="2101" string="幼蟲孵化場" />
    <String id="2102" string="毗利氐安濕地懸崖監獄" />
    <String id="2103" string="貝爾亞克城堡核心機關室" />
    <String id="3126" string="不滅凱爾賽克隱藏地" />
    <String id="3027" string="狂氣競技場 [不滅的鬥士]" />
    <String id="2105" string="凱利卡勒修練場 (1人)" />
    <String id="3102" string="司令官修練場" />
    <String id="3103" string="狂氣競技場 [永恆的鬥神]" />
    <String id="3202" string="憤怒的司令官修練場" />
    <String id="3203" string="狂氣競技場 [不滅的鬥神]" />
    <String id="3104" string="路克米亞(下)" />
    <String id="3204" string="路克米亞(上)" />
    <String id="3028" string="扭曲的里安地下殿堂(導覽)" />
    <String id="3030" string="軍團長的處所" />
    <String id="3029" string="空洞的安塔洛斯深淵(導覽)" />
    <String id="3031" string="核心內部地區" />
    <String id="3034" string="暴走的RK-9機庫" />
    <String id="3032" string="貝爾亞克城堡秘密地區(導覽)" />
    <String id="3033" string="燦爛的費爾奎娜巢穴(導覽)" />
    <String id="3035" string="貝里克聖所" />
    <String id="3036" string="熾熱艾爾凱拉斯號" />
    <String id="3037" string="巴哈勒神殿(導覽)" />
    <String id="2501" string="活動 第1關卡" />
    <String id="2502" string="活動 第2關卡" />
    <String id="2503" string="活動 3關卡 - 拉格南要塞的惡夢" />
    <String id="2504" string="活動 4關卡 - 貝爾亞克城堡核心機關室" />
    <String id="2530" string="英雄訓練所" />
</StrSheet_Dungeon>
