<ItemConversion xmlns:xsi="http://www.w3.org/2001/XMLSchema-instance" xsi:schemaLocation="https://vezel.dev/novadrop/dc/ItemConversion ItemConversion.xsd" xmlns="https://vezel.dev/novadrop/dc/ItemConversion">
    <SeedItem name="아케이드 블록 무기 상자" animSet="Gift_Box_ANI.Anim.Gift_Box_Anim" mesh="Gift_Box01.Skel.Gift_Box03_Skel" itemTemplateId="220246" animTree="S1Prototype.SimpleAnimTree" failEffectId="50432" successEffectId="50430" waitEffectId="50431">
        <FixedItem class="warrior" templateId="220058" />
        <FixedItem class="lancer" templateId="220059" />
        <FixedItem class="slayer" templateId="220060" />
        <FixedItem class="berserker" templateId="220061" />
        <FixedItem class="sorcerer" templateId="220062" />
        <FixedItem class="archer" templateId="220063" />
        <FixedItem class="priest" templateId="220064" />
        <FixedItem class="elementalist" templateId="220065" />
        <FixedItem class="soulless" templateId="220066" />
        <FixedItem class="engineer" templateId="220067" />
    </SeedItem>
    <SeedItem name="아케이드 블록 무기 상자(30일)" animSet="Gift_Box_ANI.Anim.Gift_Box_Anim" mesh="Gift_Box01.Skel.Gift_Box03_Skel" itemTemplateId="220247" animTree="S1Prototype.SimpleAnimTree" failEffectId="50432" successEffectId="50430" waitEffectId="50431">
        <FixedItem class="warrior" templateId="220222" />
        <FixedItem class="lancer" templateId="220223" />
        <FixedItem class="slayer" templateId="220224" />
        <FixedItem class="berserker" templateId="220225" />
        <FixedItem class="sorcerer" templateId="220226" />
        <FixedItem class="archer" templateId="220227" />
        <FixedItem class="priest" templateId="220228" />
        <FixedItem class="elementalist" templateId="220229" />
        <FixedItem class="soulless" templateId="220230" />
        <FixedItem class="engineer" templateId="220231" />
    </SeedItem>
    <SeedItem name="동물의상: 양(화이트) 상자" animSet="Gift_Box_ANI.Anim.Gift_Box_Anim" mesh="Gift_Box01.Skel.Gift_Box03_Skel" itemTemplateId="220248" animTree="S1Prototype.SimpleAnimTree" failEffectId="50432" successEffectId="50430" waitEffectId="50431">
        <FixedItem templateId="220090" gender="male" race="human" />
        <FixedItem templateId="220100" gender="female" race="human" />
        <FixedItem templateId="220110" gender="male" race="highelf" />
        <FixedItem templateId="220120" gender="female" race="highelf" />
        <FixedItem templateId="220130" gender="male" race="aman" />
        <FixedItem templateId="220140" gender="female" race="aman" />
        <FixedItem templateId="220150" gender="male" race="castanic" />
        <FixedItem templateId="220160" gender="female" race="castanic" />
        <FixedItem templateId="220170" gender="male" race="popori" />
        <FixedItem templateId="220180" gender="female" race="popori" />
        <FixedItem templateId="220190" gender="male" race="baraka" />
    </SeedItem>
    <SeedItem name="동물의상: 양(화이트) 상자(30일)" animSet="Gift_Box_ANI.Anim.Gift_Box_Anim" mesh="Gift_Box01.Skel.Gift_Box03_Skel" itemTemplateId="220249" animTree="S1Prototype.SimpleAnimTree" failEffectId="50432" successEffectId="50430" waitEffectId="50431">
        <FixedItem templateId="220233" gender="male" race="human" />
        <FixedItem templateId="220234" gender="female" race="human" />
        <FixedItem templateId="220235" gender="male" race="highelf" />
        <FixedItem templateId="220236" gender="female" race="highelf" />
        <FixedItem templateId="220237" gender="male" race="aman" />
        <FixedItem templateId="220238" gender="female" race="aman" />
        <FixedItem templateId="220239" gender="male" race="castanic" />
        <FixedItem templateId="220240" gender="female" race="castanic" />
        <FixedItem templateId="220241" gender="male" race="popori" />
        <FixedItem templateId="220242" gender="female" race="popori" />
        <FixedItem templateId="220243" gender="male" race="baraka" />
    </SeedItem>
    <SeedItem name="앨리스 의상 박스" animSet="Gift_Box_ANI.Anim.Gift_Box_Anim" mesh="Gift_Box01.Skel.Gift_Box03_Skel" itemTemplateId="220335" animTree="S1Prototype.SimpleAnimTree" failEffectId="50432" successEffectId="50430" waitEffectId="50431">
        <FixedItem templateId="132341" gender="female" race="human" />
        <FixedItem templateId="132342" gender="female" race="highelf" />
        <FixedItem templateId="132343" gender="female" race="aman" />
        <FixedItem templateId="132344" gender="female" race="castanic" />
        <FixedItem templateId="132345" gender="female" race="popori" />
    </SeedItem>
    <SeedItem name="검은 파도 해적단 의복 상자" animSet="Gift_Box_ANI.Anim.Gift_Box_Anim" mesh="Gift_Box01.Skel.Gift_Box03_Skel" itemTemplateId="220336" animTree="S1Prototype.SimpleAnimTree" failEffectId="50432" successEffectId="50430" waitEffectId="50431">
        <FixedItem templateId="220252" gender="male" race="human" />
        <FixedItem templateId="220253" gender="female" race="human" />
        <FixedItem templateId="220254" gender="male" race="highelf" />
        <FixedItem templateId="220255" gender="female" race="highelf" />
        <FixedItem templateId="220256" gender="male" race="aman" />
        <FixedItem templateId="220257" gender="female" race="aman" />
        <FixedItem templateId="220258" gender="male" race="castanic" />
        <FixedItem templateId="220259" gender="female" race="castanic" />
        <FixedItem templateId="220260" gender="male" race="popori" />
        <FixedItem templateId="220261" gender="female" race="popori" />
        <FixedItem templateId="220262" gender="male" race="baraka" />
    </SeedItem>
    <SeedItem name="설빔: 수 상자" animSet="Gift_Box_ANI.Anim.Gift_Box_Anim" mesh="Gift_Box01.Skel.Gift_Box03_Skel" itemTemplateId="220337" animTree="S1Prototype.SimpleAnimTree" failEffectId="50432" successEffectId="50430" waitEffectId="50431">
        <FixedItem templateId="220263" gender="female" race="human" />
        <FixedItem templateId="220266" gender="female" race="highelf" />
        <FixedItem templateId="220269" gender="female" race="aman" />
        <FixedItem templateId="220272" gender="female" race="castanic" />
        <FixedItem templateId="220275" gender="female" race="popori" />
    </SeedItem>
    <SeedItem name="설빔: 미 상자" animSet="Gift_Box_ANI.Anim.Gift_Box_Anim" mesh="Gift_Box01.Skel.Gift_Box03_Skel" itemTemplateId="220338" animTree="S1Prototype.SimpleAnimTree" failEffectId="50432" successEffectId="50430" waitEffectId="50431">
        <FixedItem templateId="220265" gender="female" race="human" />
        <FixedItem templateId="220268" gender="female" race="highelf" />
        <FixedItem templateId="220271" gender="female" race="aman" />
        <FixedItem templateId="220274" gender="female" race="castanic" />
        <FixedItem templateId="220277" gender="female" race="popori" />
    </SeedItem>
    <SeedItem name="설빔: 려 상자" animSet="Gift_Box_ANI.Anim.Gift_Box_Anim" mesh="Gift_Box01.Skel.Gift_Box03_Skel" itemTemplateId="220339" animTree="S1Prototype.SimpleAnimTree" failEffectId="50432" successEffectId="50430" waitEffectId="50431">
        <FixedItem templateId="220264" gender="female" race="human" />
        <FixedItem templateId="220267" gender="female" race="highelf" />
        <FixedItem templateId="220270" gender="female" race="aman" />
        <FixedItem templateId="220273" gender="female" race="castanic" />
        <FixedItem templateId="220276" gender="female" race="popori" />
    </SeedItem>
    <SeedItem name="바니걸 이벤트 의상 L 상자" animSet="Gift_Box_ANI.Anim.Gift_Box_Anim" mesh="Gift_Box01.Skel.Gift_Box03_Skel" itemTemplateId="220340" animTree="S1Prototype.SimpleAnimTree" failEffectId="50432" successEffectId="50430" waitEffectId="50431">
        <FixedItem templateId="220293" gender="female" race="human" />
        <FixedItem templateId="220294" gender="female" race="highelf" />
        <FixedItem templateId="220295" gender="female" race="castanic" />
        <FixedItem templateId="220296" gender="female" race="popori" />
    </SeedItem>
    <SeedItem name="화려한 귀빈 의상 상자" animSet="Gift_Box_ANI.Anim.Gift_Box_Anim" mesh="Gift_Box01.Skel.Gift_Box03_Skel" itemTemplateId="220341" animTree="S1Prototype.SimpleAnimTree" failEffectId="50432" successEffectId="50430" waitEffectId="50431">
        <FixedItem templateId="220297" gender="female" race="human" />
        <FixedItem templateId="220298" gender="female" race="highelf" />
        <FixedItem templateId="220299" gender="female" race="aman" />
        <FixedItem templateId="220300" gender="female" race="castanic" />
        <FixedItem templateId="220301" gender="female" race="popori" />
        <FixedItem templateId="220302" gender="male" race="human" />
        <FixedItem templateId="220303" gender="male" race="highelf" />
        <FixedItem templateId="220304" gender="male" race="aman" />
        <FixedItem templateId="220305" gender="male" race="castanic" />
        <FixedItem templateId="220306" gender="male" race="popori" />
        <FixedItem templateId="220307" gender="male" race="baraka" />
    </SeedItem>
    <SeedItem name="핑크 플라밍고 상자" animSet="Gift_Box_ANI.Anim.Gift_Box_Anim" mesh="Gift_Box01.Skel.Gift_Box03_Skel" itemTemplateId="220342" animTree="S1Prototype.SimpleAnimTree" failEffectId="50432" successEffectId="50430" waitEffectId="50431">
        <FixedItem class="warrior" templateId="220308" />
        <FixedItem class="lancer" templateId="220309" />
        <FixedItem class="slayer" templateId="220310" />
        <FixedItem class="berserker" templateId="220311" />
        <FixedItem class="sorcerer" templateId="220312" />
        <FixedItem class="archer" templateId="220313" />
        <FixedItem class="priest" templateId="220314" />
        <FixedItem class="elementalist" templateId="220315" />
        <FixedItem class="soulless" templateId="220316" />
    </SeedItem>
    <SeedItem name="비단 설빔: 수 상자" animSet="Gift_Box_ANI.Anim.Gift_Box_Anim" mesh="Gift_Box01.Skel.Gift_Box03_Skel" itemTemplateId="220343" animTree="S1Prototype.SimpleAnimTree" failEffectId="50432" successEffectId="50430" waitEffectId="50431">
        <FixedItem templateId="220278" gender="female" race="human" />
        <FixedItem templateId="220281" gender="female" race="highelf" />
        <FixedItem templateId="220284" gender="female" race="aman" />
        <FixedItem templateId="220287" gender="female" race="castanic" />
        <FixedItem templateId="220290" gender="female" race="popori" />
    </SeedItem>
    <SeedItem name="비단 설빔: 미 상자" animSet="Gift_Box_ANI.Anim.Gift_Box_Anim" mesh="Gift_Box01.Skel.Gift_Box03_Skel" itemTemplateId="220344" animTree="S1Prototype.SimpleAnimTree" failEffectId="50432" successEffectId="50430" waitEffectId="50431">
        <FixedItem templateId="220280" gender="female" race="human" />
        <FixedItem templateId="220283" gender="female" race="highelf" />
        <FixedItem templateId="220286" gender="female" race="aman" />
        <FixedItem templateId="220289" gender="female" race="castanic" />
        <FixedItem templateId="220292" gender="female" race="popori" />
    </SeedItem>
    <SeedItem name="비단 설빔: 려 상자" animSet="Gift_Box_ANI.Anim.Gift_Box_Anim" mesh="Gift_Box01.Skel.Gift_Box03_Skel" itemTemplateId="220345" animTree="S1Prototype.SimpleAnimTree" failEffectId="50432" successEffectId="50430" waitEffectId="50431">
        <FixedItem templateId="220279" gender="female" race="human" />
        <FixedItem templateId="220282" gender="female" race="highelf" />
        <FixedItem templateId="220285" gender="female" race="aman" />
        <FixedItem templateId="220288" gender="female" race="castanic" />
        <FixedItem templateId="220291" gender="female" race="popori" />
    </SeedItem>
    <SeedItem name="극의의 무도복 상자" animSet="Gift_Box_ANI.Anim.Gift_Box_Anim" mesh="Gift_Box01.Skel.Gift_Box03_Skel" itemTemplateId="220346" animTree="S1Prototype.SimpleAnimTree" failEffectId="50432" successEffectId="50430" waitEffectId="50431">
        <FixedItem templateId="220317" gender="male" race="human" />
        <FixedItem templateId="220318" gender="male" race="highelf" />
        <FixedItem templateId="220319" gender="male" race="aman" />
        <FixedItem templateId="220320" gender="female" race="aman" />
        <FixedItem templateId="220321" gender="male" race="castanic" />
        <FixedItem templateId="220322" gender="male" race="popori" />
        <FixedItem templateId="220323" gender="male" race="baraka" />
    </SeedItem>
    <SeedItem name="찬란한 대천사 무기 상자" animSet="Gift_Box_ANI.Anim.Gift_Box_Anim" mesh="Gift_Box01.Skel.Gift_Box03_Skel" itemTemplateId="220347" animTree="S1Prototype.SimpleAnimTree" failEffectId="50432" successEffectId="50430" waitEffectId="50431">
        <FixedItem class="warrior" templateId="220324" />
        <FixedItem class="lancer" templateId="220325" />
        <FixedItem class="slayer" templateId="220326" />
        <FixedItem class="berserker" templateId="220327" />
        <FixedItem class="sorcerer" templateId="220328" />
        <FixedItem class="archer" templateId="220329" />
        <FixedItem class="priest" templateId="220330" />
        <FixedItem class="elementalist" templateId="220331" />
    </SeedItem>
    <SeedItem name="아케이드 레인보우 무기 상자" animSet="Gift_Box_ANI.Anim.Gift_Box_Anim" mesh="Gift_Box01.Skel.Gift_Box03_Skel" itemTemplateId="220348" animTree="S1Prototype.SimpleAnimTree" failEffectId="50432" successEffectId="50430" waitEffectId="50431">
        <FixedItem class="warrior" templateId="220068" />
        <FixedItem class="lancer" templateId="220069" />
        <FixedItem class="slayer" templateId="220070" />
        <FixedItem class="berserker" templateId="220071" />
        <FixedItem class="sorcerer" templateId="220072" />
        <FixedItem class="archer" templateId="220073" />
        <FixedItem class="priest" templateId="220074" />
        <FixedItem class="elementalist" templateId="220075" />
        <FixedItem class="soulless" templateId="220076" />
        <FixedItem class="engineer" templateId="220077" />
    </SeedItem>
    <SeedItem name="동물의상 : 돼지 상자" animSet="Gift_Box_ANI.Anim.Gift_Box_Anim" mesh="Gift_Box01.Skel.Gift_Box04_Skel" itemTemplateId="220349" animTree="S1Prototype.SimpleAnimTree" failEffectId="50432" successEffectId="50430" waitEffectId="50431">
        <FixedItem templateId="220087" gender="male" race="human" />
        <FixedItem templateId="220097" gender="Female" race="human" />
        <FixedItem templateId="220107" gender="male" race="highelf" />
        <FixedItem templateId="220117" gender="Female" race="highelf" />
        <FixedItem templateId="220127" gender="male" race="aman" />
        <FixedItem templateId="220137" gender="Female" race="aman" />
        <FixedItem templateId="220147" gender="male" race="castanic" />
        <FixedItem templateId="220157" gender="Female" race="castanic" />
        <FixedItem templateId="220167" gender="male" race="popori" />
        <FixedItem templateId="220177" gender="Female" race="popori" />
        <FixedItem templateId="220187" gender="male" race="baraka" />
    </SeedItem>
    <SeedItem name="동물의상 : 오리 상자" animSet="Gift_Box_ANI.Anim.Gift_Box_Anim" mesh="Gift_Box01.Skel.Gift_Box04_Skel" itemTemplateId="220350" animTree="S1Prototype.SimpleAnimTree" failEffectId="50432" successEffectId="50430" waitEffectId="50431">
        <FixedItem templateId="220088" gender="male" race="human" />
        <FixedItem templateId="220098" gender="Female" race="human" />
        <FixedItem templateId="220108" gender="male" race="highelf" />
        <FixedItem templateId="220118" gender="Female" race="highelf" />
        <FixedItem templateId="220128" gender="male" race="aman" />
        <FixedItem templateId="220138" gender="Female" race="aman" />
        <FixedItem templateId="220148" gender="male" race="castanic" />
        <FixedItem templateId="220158" gender="Female" race="castanic" />
        <FixedItem templateId="220168" gender="male" race="popori" />
        <FixedItem templateId="220178" gender="Female" race="popori" />
        <FixedItem templateId="220188" gender="male" race="baraka" />
    </SeedItem>
    <SeedItem name="동물의상 : 검은양 상자" animSet="Gift_Box_ANI.Anim.Gift_Box_Anim" mesh="Gift_Box01.Skel.Gift_Box04_Skel" itemTemplateId="220351" animTree="S1Prototype.SimpleAnimTree" failEffectId="50432" successEffectId="50430" waitEffectId="50431">
        <FixedItem templateId="220089" gender="male" race="human" />
        <FixedItem templateId="220099" gender="Female" race="human" />
        <FixedItem templateId="220109" gender="male" race="highelf" />
        <FixedItem templateId="220119" gender="Female" race="highelf" />
        <FixedItem templateId="220129" gender="male" race="aman" />
        <FixedItem templateId="220139" gender="Female" race="aman" />
        <FixedItem templateId="220149" gender="male" race="castanic" />
        <FixedItem templateId="220159" gender="Female" race="castanic" />
        <FixedItem templateId="220169" gender="male" race="popori" />
        <FixedItem templateId="220179" gender="Female" race="popori" />
        <FixedItem templateId="220189" gender="male" race="baraka" />
    </SeedItem>
    <SeedItem name="동물의상 : 강아지 상자" animSet="Gift_Box_ANI.Anim.Gift_Box_Anim" mesh="Gift_Box01.Skel.Gift_Box04_Skel" itemTemplateId="220362" animTree="S1Prototype.SimpleAnimTree" failEffectId="50432" successEffectId="50430" waitEffectId="50431">
        <FixedItem templateId="220084" gender="male" race="human" />
        <FixedItem templateId="220094" gender="Female" race="human" />
        <FixedItem templateId="220104" gender="male" race="highelf" />
        <FixedItem templateId="220114" gender="Female" race="highelf" />
        <FixedItem templateId="220124" gender="male" race="aman" />
        <FixedItem templateId="220134" gender="Female" race="aman" />
        <FixedItem templateId="220144" gender="male" race="castanic" />
        <FixedItem templateId="220154" gender="Female" race="castanic" />
        <FixedItem templateId="220164" gender="male" race="popori" />
        <FixedItem templateId="220174" gender="Female" race="popori" />
        <FixedItem templateId="220184" gender="male" race="baraka" />
    </SeedItem>
    <SeedItem name="동물의상 : 펭귄 상자" animSet="Gift_Box_ANI.Anim.Gift_Box_Anim" mesh="Gift_Box01.Skel.Gift_Box04_Skel" itemTemplateId="220363" animTree="S1Prototype.SimpleAnimTree" failEffectId="50432" successEffectId="50430" waitEffectId="50431">
        <FixedItem templateId="220085" gender="male" race="human" />
        <FixedItem templateId="220095" gender="Female" race="human" />
        <FixedItem templateId="220105" gender="male" race="highelf" />
        <FixedItem templateId="220115" gender="Female" race="highelf" />
        <FixedItem templateId="220125" gender="male" race="aman" />
        <FixedItem templateId="220135" gender="Female" race="aman" />
        <FixedItem templateId="220145" gender="male" race="castanic" />
        <FixedItem templateId="220155" gender="Female" race="castanic" />
        <FixedItem templateId="220165" gender="male" race="popori" />
        <FixedItem templateId="220175" gender="Female" race="popori" />
        <FixedItem templateId="220185" gender="male" race="baraka" />
    </SeedItem>
    <SeedItem name="동물의상 : 핑크곰 상자" animSet="Gift_Box_ANI.Anim.Gift_Box_Anim" mesh="Gift_Box01.Skel.Gift_Box04_Skel" itemTemplateId="220364" animTree="S1Prototype.SimpleAnimTree" failEffectId="50432" successEffectId="50430" waitEffectId="50431">
        <FixedItem templateId="220086" gender="male" race="human" />
        <FixedItem templateId="220096" gender="Female" race="human" />
        <FixedItem templateId="220106" gender="male" race="highelf" />
        <FixedItem templateId="220116" gender="Female" race="highelf" />
        <FixedItem templateId="220126" gender="male" race="aman" />
        <FixedItem templateId="220136" gender="Female" race="aman" />
        <FixedItem templateId="220146" gender="male" race="castanic" />
        <FixedItem templateId="220156" gender="Female" race="castanic" />
        <FixedItem templateId="220166" gender="male" race="popori" />
        <FixedItem templateId="220176" gender="Female" race="popori" />
        <FixedItem templateId="220186" gender="male" race="baraka" />
    </SeedItem>
    <SeedItem name="동물의상 : 무지개곰 상자" animSet="Gift_Box_ANI.Anim.Gift_Box_Anim" mesh="Gift_Box01.Skel.Gift_Box04_Skel" itemTemplateId="220375" animTree="S1Prototype.SimpleAnimTree" failEffectId="50432" successEffectId="50430" waitEffectId="50431">
        <FixedItem templateId="220092" gender="male" race="human" />
        <FixedItem templateId="220102" gender="Female" race="human" />
        <FixedItem templateId="220112" gender="male" race="highelf" />
        <FixedItem templateId="220122" gender="Female" race="highelf" />
        <FixedItem templateId="220132" gender="male" race="aman" />
        <FixedItem templateId="220142" gender="Female" race="aman" />
        <FixedItem templateId="220152" gender="male" race="castanic" />
        <FixedItem templateId="220162" gender="Female" race="castanic" />
        <FixedItem templateId="220172" gender="male" race="popori" />
        <FixedItem templateId="220182" gender="Female" race="popori" />
        <FixedItem templateId="220192" gender="male" race="baraka" />
    </SeedItem>
    <SeedItem name="동물의상 : 무지개양 상자" animSet="Gift_Box_ANI.Anim.Gift_Box_Anim" mesh="Gift_Box01.Skel.Gift_Box04_Skel" itemTemplateId="220376" animTree="S1Prototype.SimpleAnimTree" failEffectId="50432" successEffectId="50430" waitEffectId="50431">
        <FixedItem templateId="220093" gender="male" race="human" />
        <FixedItem templateId="220103" gender="Female" race="human" />
        <FixedItem templateId="220113" gender="male" race="highelf" />
        <FixedItem templateId="220123" gender="Female" race="highelf" />
        <FixedItem templateId="220133" gender="male" race="aman" />
        <FixedItem templateId="220143" gender="Female" race="aman" />
        <FixedItem templateId="220153" gender="male" race="castanic" />
        <FixedItem templateId="220163" gender="Female" race="castanic" />
        <FixedItem templateId="220173" gender="male" race="popori" />
        <FixedItem templateId="220183" gender="Female" race="popori" />
        <FixedItem templateId="220193" gender="male" race="baraka" />
    </SeedItem>
    <SeedItem name="미니스커트 치어리더복 상자" animSet="Gift_Box_ANI.Anim.Gift_Box_Anim" mesh="Gift_Box01.Skel.Gift_Box04_Skel" itemTemplateId="220417" animTree="S1Prototype.SimpleAnimTree" failEffectId="50432" successEffectId="50430" waitEffectId="50431">
        <FixedItem templateId="220396" gender="Female" race="human" />
        <FixedItem templateId="220397" gender="Female" race="highelf" />
        <FixedItem templateId="220398" gender="Female" race="castanic" />
        <FixedItem templateId="220399" gender="Female" race="popori" />
    </SeedItem>
    <SeedItem name="유니크: 미니스커트 치어리더복 상자" animSet="Gift_Box_ANI.Anim.Gift_Box_Anim" mesh="Gift_Box01.Skel.Gift_Box04_Skel" itemTemplateId="220418" animTree="S1Prototype.SimpleAnimTree" failEffectId="50432" successEffectId="50430" waitEffectId="50431">
        <FixedItem templateId="220400" gender="Female" race="human" />
        <FixedItem templateId="220401" gender="Female" race="highelf" />
        <FixedItem templateId="220402" gender="Female" race="castanic" />
        <FixedItem templateId="220403" gender="Female" race="popori" />
    </SeedItem>
    <SeedItem name="숏팬츠 치어리더복 상자" animSet="Gift_Box_ANI.Anim.Gift_Box_Anim" mesh="Gift_Box01.Skel.Gift_Box04_Skel" itemTemplateId="220419" animTree="S1Prototype.SimpleAnimTree" failEffectId="50432" successEffectId="50430" waitEffectId="50431">
        <FixedItem templateId="220388" gender="Female" race="human" />
        <FixedItem templateId="220389" gender="Female" race="highelf" />
        <FixedItem templateId="220390" gender="Female" race="castanic" />
        <FixedItem templateId="220391" gender="Female" race="popori" />
    </SeedItem>
    <SeedItem name="유니크: 숏팬츠 치어리더복 상자" animSet="Gift_Box_ANI.Anim.Gift_Box_Anim" mesh="Gift_Box01.Skel.Gift_Box04_Skel" itemTemplateId="220420" animTree="S1Prototype.SimpleAnimTree" failEffectId="50432" successEffectId="50430" waitEffectId="50431">
        <FixedItem templateId="220392" gender="Female" race="human" />
        <FixedItem templateId="220393" gender="Female" race="highelf" />
        <FixedItem templateId="220394" gender="Female" race="castanic" />
        <FixedItem templateId="220395" gender="Female" race="popori" />
    </SeedItem>
    <SeedItem name="트레이닝 라인 팬츠 B 상자" animSet="Gift_Box_ANI.Anim.Gift_Box_Anim" mesh="Gift_Box01.Skel.Gift_Box04_Skel" itemTemplateId="220469" animTree="S1Prototype.SimpleAnimTree" failEffectId="50432" successEffectId="50430" waitEffectId="50431">
        <FixedItem templateId="220436" gender="Female" race="human" />
        <FixedItem templateId="220437" gender="Female" race="highelf" />
        <FixedItem templateId="220438" gender="Female" race="aman" />
        <FixedItem templateId="220439" gender="Female" race="castanic" />
        <FixedItem templateId="220440" gender="Female" race="popori" />
    </SeedItem>
    <SeedItem name="트레이닝 라인 팬츠 R 상자" animSet="Gift_Box_ANI.Anim.Gift_Box_Anim" mesh="Gift_Box01.Skel.Gift_Box04_Skel" itemTemplateId="220470" animTree="S1Prototype.SimpleAnimTree" failEffectId="50432" successEffectId="50430" waitEffectId="50431">
        <FixedItem templateId="220441" gender="Female" race="human" />
        <FixedItem templateId="220442" gender="Female" race="highelf" />
        <FixedItem templateId="220443" gender="Female" race="aman" />
        <FixedItem templateId="220444" gender="Female" race="castanic" />
        <FixedItem templateId="220445" gender="Female" race="popori" />
    </SeedItem>
    <SeedItem name="[EVT]KUSO장난감 상자" animSet="Gift_Box_ANI.Anim.Gift_Box_Anim" mesh="Gift_Box01.Skel.Gift_Box03_Skel" itemTemplateId="220471" animTree="S1Prototype.SimpleAnimTree" failEffectId="50432" successEffectId="50430" waitEffectId="50431">
        <FixedItem class="warrior" templateId="220449" />
        <FixedItem class="lancer" templateId="220450" />
        <FixedItem class="slayer" templateId="220451" />
        <FixedItem class="berserker" templateId="220452" />
        <FixedItem class="sorcerer" templateId="220453" />
        <FixedItem class="archer" templateId="220454" />
        <FixedItem class="priest" templateId="220455" />
        <FixedItem class="elementalist" templateId="220456" />
    </SeedItem>
    <SeedItem name="[EVT]동물의상: 양(화이트) 상자" animSet="Gift_Box_ANI.Anim.Gift_Box_Anim" mesh="Gift_Box01.Skel.Gift_Box04_Skel" itemTemplateId="220472" animTree="S1Prototype.SimpleAnimTree" failEffectId="50432" successEffectId="50430" waitEffectId="50431">
        <FixedItem templateId="220457" gender="male" race="human" />
        <FixedItem templateId="220458" gender="Female" race="human" />
        <FixedItem templateId="220459" gender="male" race="highelf" />
        <FixedItem templateId="220460" gender="Female" race="highelf" />
        <FixedItem templateId="220461" gender="male" race="aman" />
        <FixedItem templateId="220462" gender="Female" race="aman" />
        <FixedItem templateId="220463" gender="male" race="castanic" />
        <FixedItem templateId="220464" gender="Female" race="castanic" />
        <FixedItem templateId="220465" gender="male" race="popori" />
        <FixedItem templateId="220466" gender="Female" race="popori" />
        <FixedItem templateId="220467" gender="male" race="baraka" />
    </SeedItem>
    <SeedItem name="아케이드 크리스탈 무기 상자" animSet="Gift_Box_ANI.Anim.Gift_Box_Anim" mesh="Gift_Box01.Skel.Gift_Box03_Skel" itemTemplateId="220493" animTree="S1Prototype.SimpleAnimTree" failEffectId="50432" successEffectId="50430" waitEffectId="50431">
        <FixedItem class="warrior" templateId="220473" />
        <FixedItem class="lancer" templateId="220474" />
        <FixedItem class="slayer" templateId="220475" />
        <FixedItem class="berserker" templateId="220476" />
        <FixedItem class="sorcerer" templateId="220477" />
        <FixedItem class="archer" templateId="220478" />
        <FixedItem class="priest" templateId="220479" />
        <FixedItem class="elementalist" templateId="220480" />
        <FixedItem class="soulless" templateId="220481" />
        <FixedItem class="engineer" templateId="220482" />
    </SeedItem>
    <SeedItem name="아케이드 프리즘 무기 상자" animSet="Gift_Box_ANI.Anim.Gift_Box_Anim" mesh="Gift_Box01.Skel.Gift_Box03_Skel" itemTemplateId="220494" animTree="S1Prototype.SimpleAnimTree" failEffectId="50432" successEffectId="50430" waitEffectId="50431">
        <FixedItem class="warrior" templateId="220483" />
        <FixedItem class="lancer" templateId="220484" />
        <FixedItem class="slayer" templateId="220485" />
        <FixedItem class="berserker" templateId="220486" />
        <FixedItem class="sorcerer" templateId="220487" />
        <FixedItem class="archer" templateId="220488" />
        <FixedItem class="priest" templateId="220489" />
        <FixedItem class="elementalist" templateId="220490" />
        <FixedItem class="soulless" templateId="220491" />
        <FixedItem class="engineer" templateId="220492" />
    </SeedItem>
    <SeedItem name="냉기서린 은빛용 무기 상자" animSet="Gift_Box_ANI.Anim.Gift_Box_Anim" mesh="Gift_Box01.Skel.Gift_Box03_Skel" itemTemplateId="220576" animTree="S1Prototype.SimpleAnimTree" failEffectId="50432" successEffectId="50430" waitEffectId="50431">
        <FixedItem class="warrior" templateId="220008" />
        <FixedItem class="lancer" templateId="220009" />
        <FixedItem class="slayer" templateId="220010" />
        <FixedItem class="berserker" templateId="220011" />
        <FixedItem class="sorcerer" templateId="220012" />
        <FixedItem class="archer" templateId="220013" />
        <FixedItem class="priest" templateId="220014" />
        <FixedItem class="elementalist" templateId="220015" />
    </SeedItem>
    <SeedItem name="레전드 화이트 상자[휴먼남]" animSet="Gift_Box_ANI.Anim.Gift_Box_Anim" mesh="Gift_Box01.Skel.Gift_Box04_Skel" itemTemplateId="220577" animTree="S1Prototype.SimpleAnimTree" failEffectId="50432" successEffectId="50430" waitEffectId="50431">
        <ResultItemSet>
            <ResultItem />
            <ResultItem />
            <ResultItem />
        </ResultItemSet>
    </SeedItem>
    <SeedItem name="몰디브 상자[휴먼여]" animSet="Gift_Box_ANI.Anim.Gift_Box_Anim" mesh="Gift_Box01.Skel.Gift_Box04_Skel" itemTemplateId="220578" animTree="S1Prototype.SimpleAnimTree" failEffectId="50432" successEffectId="50430" waitEffectId="50431">
        <ResultItemSet>
            <ResultItem />
            <ResultItem />
            <ResultItem />
        </ResultItemSet>
    </SeedItem>
    <SeedItem name="오션 상자[하엘남]" animSet="Gift_Box_ANI.Anim.Gift_Box_Anim" mesh="Gift_Box01.Skel.Gift_Box04_Skel" itemTemplateId="220579" animTree="S1Prototype.SimpleAnimTree" failEffectId="50432" successEffectId="50430" waitEffectId="50431">
        <ResultItemSet>
            <ResultItem />
            <ResultItem />
            <ResultItem />
        </ResultItemSet>
    </SeedItem>
    <SeedItem name="판타스틱 상자[하엘여]" animSet="Gift_Box_ANI.Anim.Gift_Box_Anim" mesh="Gift_Box01.Skel.Gift_Box04_Skel" itemTemplateId="220580" animTree="S1Prototype.SimpleAnimTree" failEffectId="50432" successEffectId="50430" waitEffectId="50431">
        <ResultItemSet>
            <ResultItem />
            <ResultItem />
            <ResultItem />
        </ResultItemSet>
    </SeedItem>
    <SeedItem name="라이징 상자[아만남]" animSet="Gift_Box_ANI.Anim.Gift_Box_Anim" mesh="Gift_Box01.Skel.Gift_Box04_Skel" itemTemplateId="220581" animTree="S1Prototype.SimpleAnimTree" failEffectId="50432" successEffectId="50430" waitEffectId="50431">
        <ResultItemSet>
            <ResultItem />
            <ResultItem />
            <ResultItem />
        </ResultItemSet>
    </SeedItem>
    <SeedItem name="롤링스타 상자[아만여]" animSet="Gift_Box_ANI.Anim.Gift_Box_Anim" mesh="Gift_Box01.Skel.Gift_Box04_Skel" itemTemplateId="220582" animTree="S1Prototype.SimpleAnimTree" failEffectId="50432" successEffectId="50430" waitEffectId="50431">
        <ResultItemSet>
            <ResultItem />
            <ResultItem />
            <ResultItem />
        </ResultItemSet>
    </SeedItem>
    <SeedItem name="레이브 상자[케스남]" animSet="Gift_Box_ANI.Anim.Gift_Box_Anim" mesh="Gift_Box01.Skel.Gift_Box04_Skel" itemTemplateId="220583" animTree="S1Prototype.SimpleAnimTree" failEffectId="50432" successEffectId="50430" waitEffectId="50431">
        <ResultItemSet>
            <ResultItem />
            <ResultItem />
            <ResultItem />
        </ResultItemSet>
    </SeedItem>
    <SeedItem name="시크릿 상자[케스여]" animSet="Gift_Box_ANI.Anim.Gift_Box_Anim" mesh="Gift_Box01.Skel.Gift_Box04_Skel" itemTemplateId="220584" animTree="S1Prototype.SimpleAnimTree" failEffectId="50432" successEffectId="50430" waitEffectId="50431">
        <ResultItemSet>
            <ResultItem />
            <ResultItem />
            <ResultItem />
        </ResultItemSet>
    </SeedItem>
    <SeedItem name="호라이즌 상자[포포리]" animSet="Gift_Box_ANI.Anim.Gift_Box_Anim" mesh="Gift_Box01.Skel.Gift_Box04_Skel" itemTemplateId="220585" animTree="S1Prototype.SimpleAnimTree" failEffectId="50432" successEffectId="50430" waitEffectId="50431">
        <ResultItemSet>
            <ResultItem />
            <ResultItem />
            <ResultItem />
        </ResultItemSet>
    </SeedItem>
    <SeedItem name="퓨어엔젤 상자[엘린]" animSet="Gift_Box_ANI.Anim.Gift_Box_Anim" mesh="Gift_Box01.Skel.Gift_Box04_Skel" itemTemplateId="220586" animTree="S1Prototype.SimpleAnimTree" failEffectId="50432" successEffectId="50430" waitEffectId="50431">
        <ResultItemSet>
            <ResultItem />
            <ResultItem />
            <ResultItem />
        </ResultItemSet>
    </SeedItem>
    <SeedItem name="발리비치[바라카]" animSet="Gift_Box_ANI.Anim.Gift_Box_Anim" mesh="Gift_Box01.Skel.Gift_Box04_Skel" itemTemplateId="220587" animTree="S1Prototype.SimpleAnimTree" failEffectId="50432" successEffectId="50430" waitEffectId="50431">
        <ResultItemSet>
            <ResultItem />
            <ResultItem />
            <ResultItem />
        </ResultItemSet>
    </SeedItem>
    <SeedItem name="2012 수영복 상자[휴먼남]" animSet="Gift_Box_ANI.Anim.Gift_Box_Anim" mesh="Gift_Box01.Skel.Gift_Box04_Skel" itemTemplateId="220588" animTree="S1Prototype.SimpleAnimTree" failEffectId="50432" successEffectId="50430" waitEffectId="50431">
        <ResultItemSet>
            <ResultItem />
            <ResultItem />
            <ResultItem />
            <ResultItem />
        </ResultItemSet>
    </SeedItem>
    <SeedItem name="2012 수영복 상자[휴먼여]" animSet="Gift_Box_ANI.Anim.Gift_Box_Anim" mesh="Gift_Box01.Skel.Gift_Box04_Skel" itemTemplateId="220589" animTree="S1Prototype.SimpleAnimTree" failEffectId="50432" successEffectId="50430" waitEffectId="50431">
        <ResultItemSet>
            <ResultItem />
            <ResultItem />
        </ResultItemSet>
    </SeedItem>
    <SeedItem name="2012 수영복 상자[하엘남]" animSet="Gift_Box_ANI.Anim.Gift_Box_Anim" mesh="Gift_Box01.Skel.Gift_Box04_Skel" itemTemplateId="220590" animTree="S1Prototype.SimpleAnimTree" failEffectId="50432" successEffectId="50430" waitEffectId="50431">
        <ResultItemSet>
            <ResultItem />
            <ResultItem />
            <ResultItem />
            <ResultItem />
        </ResultItemSet>
    </SeedItem>
    <SeedItem name="2012 수영복 상자[하엘여]" animSet="Gift_Box_ANI.Anim.Gift_Box_Anim" mesh="Gift_Box01.Skel.Gift_Box04_Skel" itemTemplateId="220591" animTree="S1Prototype.SimpleAnimTree" failEffectId="50432" successEffectId="50430" waitEffectId="50431">
        <ResultItemSet>
            <ResultItem />
            <ResultItem />
        </ResultItemSet>
    </SeedItem>
    <SeedItem name="2012 수영복 상자[아만남]" animSet="Gift_Box_ANI.Anim.Gift_Box_Anim" mesh="Gift_Box01.Skel.Gift_Box04_Skel" itemTemplateId="220592" animTree="S1Prototype.SimpleAnimTree" failEffectId="50432" successEffectId="50430" waitEffectId="50431">
        <ResultItemSet>
            <ResultItem />
            <ResultItem />
            <ResultItem />
            <ResultItem />
        </ResultItemSet>
    </SeedItem>
    <SeedItem name="2012 수영복 상자[아만여]" animSet="Gift_Box_ANI.Anim.Gift_Box_Anim" mesh="Gift_Box01.Skel.Gift_Box04_Skel" itemTemplateId="220593" animTree="S1Prototype.SimpleAnimTree" failEffectId="50432" successEffectId="50430" waitEffectId="50431">
        <ResultItemSet>
            <ResultItem />
            <ResultItem />
        </ResultItemSet>
    </SeedItem>
    <SeedItem name="2012 수영복 상자[케스남]" animSet="Gift_Box_ANI.Anim.Gift_Box_Anim" mesh="Gift_Box01.Skel.Gift_Box04_Skel" itemTemplateId="220594" animTree="S1Prototype.SimpleAnimTree" failEffectId="50432" successEffectId="50430" waitEffectId="50431">
        <ResultItemSet>
            <ResultItem />
            <ResultItem />
            <ResultItem />
            <ResultItem />
        </ResultItemSet>
    </SeedItem>
    <SeedItem name="2012 수영복 상자[케스여]" animSet="Gift_Box_ANI.Anim.Gift_Box_Anim" mesh="Gift_Box01.Skel.Gift_Box04_Skel" itemTemplateId="220595" animTree="S1Prototype.SimpleAnimTree" failEffectId="50432" successEffectId="50430" waitEffectId="50431">
        <ResultItemSet>
            <ResultItem />
            <ResultItem />
        </ResultItemSet>
    </SeedItem>
    <SeedItem name="2012 수영복 상자[포포리]" animSet="Gift_Box_ANI.Anim.Gift_Box_Anim" mesh="Gift_Box01.Skel.Gift_Box04_Skel" itemTemplateId="220596" animTree="S1Prototype.SimpleAnimTree" failEffectId="50432" successEffectId="50430" waitEffectId="50431">
        <ResultItemSet>
            <ResultItem />
            <ResultItem />
        </ResultItemSet>
    </SeedItem>
    <SeedItem name="2012 수영복 상자[엘린]" animSet="Gift_Box_ANI.Anim.Gift_Box_Anim" mesh="Gift_Box01.Skel.Gift_Box04_Skel" itemTemplateId="220597" animTree="S1Prototype.SimpleAnimTree" failEffectId="50432" successEffectId="50430" waitEffectId="50431">
        <ResultItemSet>
            <ResultItem />
            <ResultItem />
        </ResultItemSet>
    </SeedItem>
    <SeedItem name="2012 수영복 상자[바라카]" animSet="Gift_Box_ANI.Anim.Gift_Box_Anim" mesh="Gift_Box01.Skel.Gift_Box04_Skel" itemTemplateId="220598" animTree="S1Prototype.SimpleAnimTree" failEffectId="50432" successEffectId="50430" waitEffectId="50431">
        <ResultItemSet>
            <ResultItem />
            <ResultItem />
        </ResultItemSet>
    </SeedItem>
    <SeedItem name="[이벤트]냉기서린 은빛용 방어구 상자" animSet="Gift_Box_ANI.Anim.Gift_Box_Anim" mesh="Gift_Box01.Skel.Gift_Box04_Skel" itemTemplateId="220601" animTree="S1Prototype.SimpleAnimTree" failEffectId="50432" successEffectId="50430" waitEffectId="50431">
        <FixedItem class="lancer" templateId="220573" />
        <FixedItem class="berserker" templateId="220573" />
        <FixedItem class="Engineer" templateId="220573" />
        <FixedItem class="warrior" templateId="220574" />
        <FixedItem class="slayer" templateId="220574" />
        <FixedItem class="archer" templateId="220574" />
        <FixedItem class="Soulless" templateId="220574" />
        <FixedItem class="sorcerer" templateId="220575" />
        <FixedItem class="priest" templateId="220575" />
        <FixedItem class="elementalist" templateId="220575" />
    </SeedItem>
    <SeedItem name="녹테늄 강화탄 상자(T-cat 상점용)" animSet="Gift_Box_ANI.Anim.Gift_Box_Anim" mesh="Gift_Box01.Skel.Gift_Box05_Skel" itemTemplateId="220602" animTree="S1Prototype.SimpleAnimTree" failEffectId="50432" successEffectId="50430" waitEffectId="50431">
        <ResultItemSet>
            <ResultItem />
            <ResultItem />
            <ResultItem />
            <ResultItem />
            <ResultItem />
        </ResultItemSet>
    </SeedItem>
    <SeedItem name="[이벤트] 황금투사의 방어구 상자" animSet="Gift_Box_ANI.Anim.Gift_Box_Anim" mesh="Gift_Box01.Skel.Gift_Box04_Skel" itemTemplateId="220606" animTree="S1Prototype.SimpleAnimTree" failEffectId="50432" successEffectId="50430" waitEffectId="50431">
        <FixedItem class="lancer" templateId="220603" />
        <FixedItem class="berserker" templateId="220603" />
        <FixedItem class="engineer" templateId="220603" />
        <FixedItem class="warrior" templateId="220604" />
        <FixedItem class="slayer" templateId="220604" />
        <FixedItem class="archer" templateId="220604" />
        <FixedItem class="Soulless" templateId="220604" />
        <FixedItem class="sorcerer" templateId="220605" />
        <FixedItem class="priest" templateId="220605" />
        <FixedItem class="elementalist" templateId="220605" />
    </SeedItem>
    <SeedItem name="[이벤트] 불타는 황금용 무기 상자" animSet="Gift_Box_ANI.Anim.Gift_Box_Anim" mesh="Gift_Box01.Skel.Gift_Box04_Skel" itemTemplateId="220607" animTree="S1Prototype.SimpleAnimTree" failEffectId="50432" successEffectId="50430" waitEffectId="50431">
        <FixedItem class="warrior" templateId="220000" />
        <FixedItem class="lancer" templateId="220001" />
        <FixedItem class="slayer" templateId="220002" />
        <FixedItem class="berserker" templateId="220003" />
        <FixedItem class="sorcerer" templateId="220004" />
        <FixedItem class="archer" templateId="220005" />
        <FixedItem class="priest" templateId="220006" />
        <FixedItem class="elementalist" templateId="220007" />
    </SeedItem>
    <SeedItem name="[이벤트] 섬광 그림자 의복 상자" animSet="Gift_Box_ANI.Anim.Gift_Box_Anim" mesh="Gift_Box01.Skel.Gift_Box04_Skel" itemTemplateId="220804" animTree="S1Prototype.SimpleAnimTree" failEffectId="50432" successEffectId="50430" waitEffectId="50431">
        <FixedItem templateId="220672" gender="male" race="human" />
        <FixedItem templateId="220673" gender="Female" race="human" />
        <FixedItem templateId="220674" gender="male" race="highelf" />
        <FixedItem templateId="220675" gender="Female" race="highelf" />
        <FixedItem templateId="220676" gender="male" race="aman" />
        <FixedItem templateId="220677" gender="Female" race="aman" />
        <FixedItem templateId="220678" gender="male" race="castanic" />
        <FixedItem templateId="220679" gender="Female" race="castanic" />
        <FixedItem templateId="220680" gender="male" race="popori" />
        <FixedItem templateId="220681" gender="Female" race="popori" />
        <FixedItem templateId="220682" gender="male" race="baraka" />
    </SeedItem>
    <SeedItem name="[이벤트] 섬광 그림자 무기 상자" animSet="Gift_Box_ANI.Anim.Gift_Box_Anim" mesh="Gift_Box01.Skel.Gift_Box04_Skel" itemTemplateId="220805" animTree="S1Prototype.SimpleAnimTree" failEffectId="50432" successEffectId="50430" waitEffectId="50431">
        <FixedItem class="warrior" templateId="220663" />
        <FixedItem class="lancer" templateId="220664" />
        <FixedItem class="slayer" templateId="220665" />
        <FixedItem class="berserker" templateId="220666" />
        <FixedItem class="sorcerer" templateId="220667" />
        <FixedItem class="archer" templateId="220668" />
        <FixedItem class="priest" templateId="220669" />
        <FixedItem class="elementalist" templateId="220670" />
        <FixedItem class="Soulless" templateId="220671" />
    </SeedItem>
    <SeedItem name="[이벤트] 월광 그림자 무기 상자" animSet="Gift_Box_ANI.Anim.Gift_Box_Anim" mesh="Gift_Box01.Skel.Gift_Box04_Skel" itemTemplateId="220806" animTree="S1Prototype.SimpleAnimTree" failEffectId="50432" successEffectId="50430" waitEffectId="50431">
        <FixedItem class="warrior" templateId="220654" />
        <FixedItem class="lancer" templateId="220655" />
        <FixedItem class="slayer" templateId="220656" />
        <FixedItem class="berserker" templateId="220657" />
        <FixedItem class="sorcerer" templateId="220658" />
        <FixedItem class="archer" templateId="220659" />
        <FixedItem class="priest" templateId="220660" />
        <FixedItem class="elementalist" templateId="220661" />
        <FixedItem class="Soulless" templateId="220662" />
    </SeedItem>
    <SeedItem name="[이벤트] 유니크: 개척자의 건틀릿 상자" animSet="Gift_Box_ANI.Anim.Gift_Box_Anim" mesh="Gift_Box01.Skel.Gift_Box04_Skel" itemTemplateId="220807" animTree="S1Prototype.SimpleAnimTree" failEffectId="50432" successEffectId="50430" waitEffectId="50431">
        <FixedItem templateId="220684" gender="male" race="human" />
        <FixedItem templateId="220686" gender="Female" race="human" />
        <FixedItem templateId="220688" gender="male" race="highelf" />
        <FixedItem templateId="220690" gender="Female" race="highelf" />
        <FixedItem templateId="220692" gender="male" race="aman" />
        <FixedItem templateId="220694" gender="Female" race="aman" />
        <FixedItem templateId="220696" gender="male" race="castanic" />
        <FixedItem templateId="220698" gender="Female" race="castanic" />
        <FixedItem templateId="220700" gender="male" race="popori" />
        <FixedItem templateId="220702" gender="Female" race="popori" />
        <FixedItem templateId="220704" gender="male" race="baraka" />
    </SeedItem>
    <SeedItem name="[이벤트] 유니크: 개척자의 의복 상자" animSet="Gift_Box_ANI.Anim.Gift_Box_Anim" mesh="Gift_Box01.Skel.Gift_Box04_Skel" itemTemplateId="220808" animTree="S1Prototype.SimpleAnimTree" failEffectId="50432" successEffectId="50430" waitEffectId="50431">
        <FixedItem templateId="220683" gender="male" race="human" />
        <FixedItem templateId="220685" gender="Female" race="human" />
        <FixedItem templateId="220687" gender="male" race="highelf" />
        <FixedItem templateId="220689" gender="Female" race="highelf" />
        <FixedItem templateId="220691" gender="male" race="aman" />
        <FixedItem templateId="220693" gender="Female" race="aman" />
        <FixedItem templateId="220695" gender="male" race="castanic" />
        <FixedItem templateId="220697" gender="Female" race="castanic" />
        <FixedItem templateId="220699" gender="male" race="popori" />
        <FixedItem templateId="220701" gender="Female" race="popori" />
        <FixedItem templateId="220703" gender="male" race="baraka" />
    </SeedItem>
    <SeedItem name="[이벤트] 카르트의 무기 상자" animSet="Gift_Box_ANI.Anim.Gift_Box_Anim" mesh="Gift_Box01.Skel.Gift_Box04_Skel" itemTemplateId="220809" animTree="S1Prototype.SimpleAnimTree" failEffectId="50432" successEffectId="50430" waitEffectId="50431">
        <FixedItem class="warrior" templateId="220705" />
        <FixedItem class="lancer" templateId="220706" />
        <FixedItem class="slayer" templateId="220707" />
        <FixedItem class="berserker" templateId="220708" />
        <FixedItem class="sorcerer" templateId="220709" />
        <FixedItem class="archer" templateId="220710" />
        <FixedItem class="priest" templateId="220711" />
        <FixedItem class="elementalist" templateId="220712" />
    </SeedItem>
    <SeedItem name="[이벤트] 이글거리는 카르트의 무기 상자" animSet="Gift_Box_ANI.Anim.Gift_Box_Anim" mesh="Gift_Box01.Skel.Gift_Box04_Skel" itemTemplateId="220810" animTree="S1Prototype.SimpleAnimTree" failEffectId="50432" successEffectId="50430" waitEffectId="50431">
        <FixedItem class="warrior" templateId="220713" />
        <FixedItem class="lancer" templateId="220714" />
        <FixedItem class="slayer" templateId="220715" />
        <FixedItem class="berserker" templateId="220716" />
        <FixedItem class="sorcerer" templateId="220717" />
        <FixedItem class="archer" templateId="220718" />
        <FixedItem class="priest" templateId="220719" />
        <FixedItem class="elementalist" templateId="220720" />
    </SeedItem>
    <SeedItem name="[이벤트] 동물의상: 곰 상자" animSet="Gift_Box_ANI.Anim.Gift_Box_Anim" mesh="Gift_Box01.Skel.Gift_Box04_Skel" itemTemplateId="220811" animTree="S1Prototype.SimpleAnimTree" failEffectId="50432" successEffectId="50430" waitEffectId="50431">
        <FixedItem templateId="220721" gender="male" race="human" />
        <FixedItem templateId="220726" gender="Female" race="human" />
        <FixedItem templateId="220731" gender="male" race="highelf" />
        <FixedItem templateId="220736" gender="Female" race="highelf" />
        <FixedItem templateId="220741" gender="male" race="aman" />
        <FixedItem templateId="220746" gender="Female" race="aman" />
        <FixedItem templateId="220751" gender="male" race="castanic" />
        <FixedItem templateId="220756" gender="Female" race="castanic" />
        <FixedItem templateId="220761" gender="male" race="popori" />
        <FixedItem templateId="220766" gender="Female" race="popori" />
        <FixedItem templateId="220771" gender="male" race="baraka" />
    </SeedItem>
    <SeedItem name="[이벤트] 동물의상: 토끼 상자" animSet="Gift_Box_ANI.Anim.Gift_Box_Anim" mesh="Gift_Box01.Skel.Gift_Box04_Skel" itemTemplateId="220812" animTree="S1Prototype.SimpleAnimTree" failEffectId="50432" successEffectId="50430" waitEffectId="50431">
        <FixedItem templateId="220722" gender="male" race="human" />
        <FixedItem templateId="220727" gender="Female" race="human" />
        <FixedItem templateId="220732" gender="male" race="highelf" />
        <FixedItem templateId="220737" gender="Female" race="highelf" />
        <FixedItem templateId="220742" gender="male" race="aman" />
        <FixedItem templateId="220747" gender="Female" race="aman" />
        <FixedItem templateId="220752" gender="male" race="castanic" />
        <FixedItem templateId="220757" gender="Female" race="castanic" />
        <FixedItem templateId="220762" gender="male" race="popori" />
        <FixedItem templateId="220767" gender="Female" race="popori" />
        <FixedItem templateId="220772" gender="male" race="baraka" />
    </SeedItem>
    <SeedItem name="[이벤트] 동물의상: 고양이 상자" animSet="Gift_Box_ANI.Anim.Gift_Box_Anim" mesh="Gift_Box01.Skel.Gift_Box04_Skel" itemTemplateId="220813" animTree="S1Prototype.SimpleAnimTree" failEffectId="50432" successEffectId="50430" waitEffectId="50431">
        <FixedItem templateId="220723" gender="male" race="human" />
        <FixedItem templateId="220728" gender="Female" race="human" />
        <FixedItem templateId="220733" gender="male" race="highelf" />
        <FixedItem templateId="220738" gender="Female" race="highelf" />
        <FixedItem templateId="220743" gender="male" race="aman" />
        <FixedItem templateId="220748" gender="Female" race="aman" />
        <FixedItem templateId="220753" gender="male" race="castanic" />
        <FixedItem templateId="220758" gender="Female" race="castanic" />
        <FixedItem templateId="220763" gender="male" race="popori" />
        <FixedItem templateId="220768" gender="Female" race="popori" />
        <FixedItem templateId="220773" gender="male" race="baraka" />
    </SeedItem>
    <SeedItem name="[이벤트] 동물의상: 판다 상자" animSet="Gift_Box_ANI.Anim.Gift_Box_Anim" mesh="Gift_Box01.Skel.Gift_Box04_Skel" itemTemplateId="220814" animTree="S1Prototype.SimpleAnimTree" failEffectId="50432" successEffectId="50430" waitEffectId="50431">
        <FixedItem templateId="220724" gender="male" race="human" />
        <FixedItem templateId="220729" gender="Female" race="human" />
        <FixedItem templateId="220734" gender="male" race="highelf" />
        <FixedItem templateId="220739" gender="Female" race="highelf" />
        <FixedItem templateId="220744" gender="male" race="aman" />
        <FixedItem templateId="220749" gender="Female" race="aman" />
        <FixedItem templateId="220754" gender="male" race="castanic" />
        <FixedItem templateId="220759" gender="Female" race="castanic" />
        <FixedItem templateId="220764" gender="male" race="popori" />
        <FixedItem templateId="220769" gender="Female" race="popori" />
        <FixedItem templateId="220774" gender="male" race="baraka" />
    </SeedItem>
    <SeedItem name="[이벤트] 동물의상: 너구리 상자" animSet="Gift_Box_ANI.Anim.Gift_Box_Anim" mesh="Gift_Box01.Skel.Gift_Box04_Skel" itemTemplateId="220815" animTree="S1Prototype.SimpleAnimTree" failEffectId="50432" successEffectId="50430" waitEffectId="50431">
        <FixedItem templateId="220725" gender="male" race="human" />
        <FixedItem templateId="220730" gender="Female" race="human" />
        <FixedItem templateId="220735" gender="male" race="highelf" />
        <FixedItem templateId="220740" gender="Female" race="highelf" />
        <FixedItem templateId="220745" gender="male" race="aman" />
        <FixedItem templateId="220750" gender="Female" race="aman" />
        <FixedItem templateId="220755" gender="male" race="castanic" />
        <FixedItem templateId="220760" gender="Female" race="castanic" />
        <FixedItem templateId="220765" gender="male" race="popori" />
        <FixedItem templateId="220770" gender="Female" race="popori" />
        <FixedItem templateId="220775" gender="male" race="baraka" />
    </SeedItem>
    <SeedItem name="쉐도우헌터방어구상자" animSet="Gift_Box_ANI.Anim.Gift_Box_Anim" mesh="Gift_Box01.Skel.Gift_Box04_Skel" itemTemplateId="220818" animTree="S1Prototype.SimpleAnimTree" failEffectId="50432" successEffectId="50430" waitEffectId="50431">
        <FixedItem templateId="220608" gender="male" race="human" />
        <FixedItem templateId="220609" gender="Female" race="human" />
        <FixedItem templateId="220611" gender="male" race="highelf" />
        <FixedItem templateId="220612" gender="Female" race="highelf" />
        <FixedItem templateId="220614" gender="male" race="aman" />
        <FixedItem templateId="220615" gender="Female" race="aman" />
        <FixedItem templateId="220617" gender="male" race="castanic" />
        <FixedItem templateId="220618" gender="Female" race="castanic" />
        <FixedItem templateId="220620" gender="male" race="popori" />
        <FixedItem templateId="220621" gender="Female" race="popori" />
        <FixedItem templateId="220623" gender="male" race="baraka" />
    </SeedItem>
    <SeedItem name="쉐도우헌터방어구상자[유니크]" animSet="Gift_Box_ANI.Anim.Gift_Box_Anim" mesh="Gift_Box01.Skel.Gift_Box04_Skel" itemTemplateId="220819" animTree="S1Prototype.SimpleAnimTree" failEffectId="50432" successEffectId="50430" waitEffectId="50431">
        <FixedItem templateId="220610" gender="Female" race="human" />
        <FixedItem templateId="220613" gender="Female" race="highelf" />
        <FixedItem templateId="220616" gender="Female" race="aman" />
        <FixedItem templateId="220619" gender="Female" race="castanic" />
        <FixedItem templateId="220622" gender="Female" race="popori" />
    </SeedItem>
    <SeedItem name="쉐도우헌터무기상자" animSet="Gift_Box_ANI.Anim.Gift_Box_Anim" mesh="Gift_Box01.Skel.Gift_Box04_Skel" itemTemplateId="220820" animTree="S1Prototype.SimpleAnimTree" failEffectId="50432" successEffectId="50430" waitEffectId="50431">
        <FixedItem class="warrior" templateId="220629" />
        <FixedItem class="lancer" templateId="220630" />
        <FixedItem class="slayer" templateId="220631" />
        <FixedItem class="berserker" templateId="220632" />
        <FixedItem class="sorcerer" templateId="220633" />
        <FixedItem class="archer" templateId="220634" />
        <FixedItem class="priest" templateId="220635" />
        <FixedItem class="elementalist" templateId="220636" />
        <FixedItem class="Soulless" templateId="220637" />
        <FixedItem class="engineer" templateId="220638" />
    </SeedItem>
    <SeedItem name="쉐도우헌터무기상자[유니크]" animSet="Gift_Box_ANI.Anim.Gift_Box_Anim" mesh="Gift_Box01.Skel.Gift_Box04_Skel" itemTemplateId="220821" animTree="S1Prototype.SimpleAnimTree" failEffectId="50432" successEffectId="50430" waitEffectId="50431">
        <FixedItem class="warrior" templateId="220639" />
        <FixedItem class="lancer" templateId="220640" />
        <FixedItem class="slayer" templateId="220641" />
        <FixedItem class="berserker" templateId="220642" />
        <FixedItem class="sorcerer" templateId="220643" />
        <FixedItem class="archer" templateId="220644" />
        <FixedItem class="priest" templateId="220645" />
        <FixedItem class="elementalist" templateId="220646" />
        <FixedItem class="Soulless" templateId="220647" />
        <FixedItem class="engineer" templateId="220648" />
    </SeedItem>
    <SeedItem name="[이벤트]백은기사 방어구 상자" animSet="Gift_Box_ANI.Anim.Gift_Box_Anim" mesh="Gift_Box01.Skel.Gift_Box04_Skel" itemTemplateId="220871" animTree="S1Prototype.SimpleAnimTree" failEffectId="50432" successEffectId="50430" waitEffectId="50431">
        <FixedItem class="LANCER" templateId="220862" />
        <FixedItem class="BERSERKER" templateId="220862" />
        <FixedItem class="ENGINEER" templateId="220862" />
        <FixedItem class="FIGHTER" templateId="220862" />
        <FixedItem class="WARRIOR" templateId="220863" />
        <FixedItem class="SLAYER" templateId="220863" />
        <FixedItem class="archer" templateId="220863" />
        <FixedItem class="SOULLESS" templateId="220863" />
        <FixedItem class="SORCERER" templateId="220864" />
        <FixedItem class="PRIEST" templateId="220864" />
        <FixedItem class="ELEMENTALIST" templateId="220864" />
    </SeedItem>
    <SeedItem name="메이드무기상자" animSet="Gift_Box_ANI.Anim.Gift_Box_Anim" mesh="Gift_Box01.Skel.Gift_Box04_Skel" itemTemplateId="220890" animTree="S1Prototype.SimpleAnimTree" failEffectId="50432" successEffectId="50430" waitEffectId="50431">
        <FixedItem class="warrior" templateId="220910" />
        <FixedItem class="lancer" templateId="220911" />
        <FixedItem class="slayer" templateId="220912" />
        <FixedItem class="berserker" templateId="220913" />
        <FixedItem class="sorcerer" templateId="220914" />
        <FixedItem class="archer" templateId="220915" />
        <FixedItem class="priest" templateId="220916" />
        <FixedItem class="elementalist" templateId="220917" />
        <FixedItem class="Soulless" templateId="220918" />
    </SeedItem>
    <SeedItem name="태양을 품은 황금용의 무기상자" animSet="Gift_Box_ANI.Anim.Gift_Box_Anim" mesh="Gift_Box01.Skel.Gift_Box04_Skel" itemTemplateId="220891" animTree="S1Prototype.SimpleAnimTree" failEffectId="50432" successEffectId="50430" waitEffectId="50431">
        <FixedItem class="warrior" templateId="220919" />
        <FixedItem class="lancer" templateId="220920" />
        <FixedItem class="slayer" templateId="220921" />
        <FixedItem class="berserker" templateId="220922" />
        <FixedItem class="sorcerer" templateId="220923" />
        <FixedItem class="archer" templateId="220924" />
        <FixedItem class="priest" templateId="220925" />
        <FixedItem class="elementalist" templateId="220926" />
    </SeedItem>
    <SeedItem name="그림자를 품은 흑룡의 무기상자" animSet="Gift_Box_ANI.Anim.Gift_Box_Anim" mesh="Gift_Box01.Skel.Gift_Box04_Skel" itemTemplateId="220892" animTree="S1Prototype.SimpleAnimTree" failEffectId="50432" successEffectId="50430" waitEffectId="50431">
        <FixedItem class="warrior" templateId="220927" />
        <FixedItem class="lancer" templateId="220928" />
        <FixedItem class="slayer" templateId="220929" />
        <FixedItem class="berserker" templateId="220930" />
        <FixedItem class="sorcerer" templateId="220931" />
        <FixedItem class="archer" templateId="220932" />
        <FixedItem class="priest" templateId="220933" />
        <FixedItem class="elementalist" templateId="220934" />
    </SeedItem>
    <SeedItem name="고대 유물 무기상자" animSet="Gift_Box_ANI.Anim.Gift_Box_Anim" mesh="Gift_Box01.Skel.Gift_Box04_Skel" itemTemplateId="220893" animTree="S1Prototype.SimpleAnimTree" failEffectId="50432" successEffectId="50430" waitEffectId="50431">
        <FixedItem class="warrior" templateId="220935" />
        <FixedItem class="lancer" templateId="220936" />
        <FixedItem class="slayer" templateId="220937" />
        <FixedItem class="berserker" templateId="220938" />
        <FixedItem class="sorcerer" templateId="220939" />
        <FixedItem class="archer" templateId="220940" />
        <FixedItem class="priest" templateId="220941" />
        <FixedItem class="elementalist" templateId="220942" />
    </SeedItem>
    <SeedItem name="할라트 무기상자" animSet="Gift_Box_ANI.Anim.Gift_Box_Anim" mesh="Gift_Box01.Skel.Gift_Box04_Skel" itemTemplateId="220894" animTree="S1Prototype.SimpleAnimTree" failEffectId="50432" successEffectId="50430" waitEffectId="50431">
        <FixedItem class="warrior" templateId="220943" />
        <FixedItem class="lancer" templateId="220944" />
        <FixedItem class="slayer" templateId="220945" />
        <FixedItem class="berserker" templateId="220946" />
        <FixedItem class="sorcerer" templateId="220947" />
        <FixedItem class="archer" templateId="220948" />
        <FixedItem class="priest" templateId="220949" />
        <FixedItem class="elementalist" templateId="220950" />
    </SeedItem>
    <SeedItem name="할라트 크리스탈 무기상자" animSet="Gift_Box_ANI.Anim.Gift_Box_Anim" mesh="Gift_Box01.Skel.Gift_Box04_Skel" itemTemplateId="220895" animTree="S1Prototype.SimpleAnimTree" failEffectId="50432" successEffectId="50430" waitEffectId="50431">
        <FixedItem class="warrior" templateId="220951" />
        <FixedItem class="lancer" templateId="220952" />
        <FixedItem class="slayer" templateId="220953" />
        <FixedItem class="berserker" templateId="220954" />
        <FixedItem class="sorcerer" templateId="220955" />
        <FixedItem class="archer" templateId="220956" />
        <FixedItem class="priest" templateId="220957" />
        <FixedItem class="elementalist" templateId="220958" />
    </SeedItem>
    <SeedItem name="할라트 진 무기상자" animSet="Gift_Box_ANI.Anim.Gift_Box_Anim" mesh="Gift_Box01.Skel.Gift_Box04_Skel" itemTemplateId="220896" animTree="S1Prototype.SimpleAnimTree" failEffectId="50432" successEffectId="50430" waitEffectId="50431">
        <FixedItem class="warrior" templateId="220959" />
        <FixedItem class="lancer" templateId="220960" />
        <FixedItem class="slayer" templateId="220961" />
        <FixedItem class="berserker" templateId="220962" />
        <FixedItem class="sorcerer" templateId="220963" />
        <FixedItem class="archer" templateId="220964" />
        <FixedItem class="priest" templateId="220965" />
        <FixedItem class="elementalist" templateId="220966" />
    </SeedItem>
    <SeedItem name="할라트 B 무기상자" animSet="Gift_Box_ANI.Anim.Gift_Box_Anim" mesh="Gift_Box01.Skel.Gift_Box04_Skel" itemTemplateId="220897" animTree="S1Prototype.SimpleAnimTree" failEffectId="50432" successEffectId="50430" waitEffectId="50431">
        <FixedItem class="warrior" templateId="220967" />
        <FixedItem class="lancer" templateId="220968" />
        <FixedItem class="slayer" templateId="220969" />
        <FixedItem class="berserker" templateId="220970" />
        <FixedItem class="sorcerer" templateId="220971" />
        <FixedItem class="archer" templateId="220972" />
        <FixedItem class="priest" templateId="220973" />
        <FixedItem class="elementalist" templateId="220974" />
    </SeedItem>
    <SeedItem name="베이지 캐주얼 프레피룩 상자" animSet="Gift_Box_ANI.Anim.Gift_Box_Anim" mesh="Gift_Box01.Skel.Gift_Box04_Skel" itemTemplateId="220898" animTree="S1Prototype.SimpleAnimTree" failEffectId="50432" successEffectId="50430" waitEffectId="50431">
        <FixedItem templateId="220975" gender="Female" race="human" />
        <FixedItem templateId="220976" gender="Female" race="highelf" />
        <FixedItem templateId="220977" gender="Female" race="castanic" />
        <FixedItem templateId="220978" gender="Female" race="popori" />
    </SeedItem>
    <SeedItem name="산타 복장 상자" animSet="Gift_Box_ANI.Anim.Gift_Box_Anim" mesh="Gift_Box01.Skel.Gift_Box04_Skel" itemTemplateId="220899" animTree="S1Prototype.SimpleAnimTree" failEffectId="50432" successEffectId="50430" waitEffectId="50431">
        <FixedItem templateId="220979" gender="male" race="human" />
        <FixedItem templateId="220980" gender="Female" race="human" />
        <FixedItem templateId="220981" gender="male" race="highelf" />
        <FixedItem templateId="220982" gender="Female" race="highelf" />
        <FixedItem templateId="220983" gender="male" race="aman" />
        <FixedItem templateId="220984" gender="Female" race="aman" />
        <FixedItem templateId="220985" gender="male" race="castanic" />
        <FixedItem templateId="220986" gender="Female" race="castanic" />
        <FixedItem templateId="220987" gender="male" race="popori" />
        <FixedItem templateId="220988" gender="Female" race="popori" />
        <FixedItem templateId="220989" gender="male" race="baraka" />
    </SeedItem>
    <SeedItem name="유니크: 2013 산타복장(염색) 상자" animSet="Gift_Box_ANI.Anim.Gift_Box_Anim" mesh="Gift_Box01.Skel.Gift_Box04_Skel" itemTemplateId="220900" animTree="S1Prototype.SimpleAnimTree" failEffectId="50432" successEffectId="50430" waitEffectId="50431">
        <FixedItem templateId="220990" gender="Female" race="human" />
        <FixedItem templateId="220991" gender="Female" race="highelf" />
        <FixedItem templateId="220992" gender="Female" race="aman" />
        <FixedItem templateId="220993" gender="Female" race="castanic" />
        <FixedItem templateId="220994" gender="Female" race="popori" />
    </SeedItem>
    <SeedItem name="아르보레아 경찰복 상자" animSet="Gift_Box_ANI.Anim.Gift_Box_Anim" mesh="Gift_Box01.Skel.Gift_Box04_Skel" itemTemplateId="220901" animTree="S1Prototype.SimpleAnimTree" failEffectId="50432" successEffectId="50430" waitEffectId="50431">
        <FixedItem templateId="220995" gender="male" race="human" />
        <FixedItem templateId="221001" gender="Female" race="human" />
        <FixedItem templateId="220996" gender="male" race="highelf" />
        <FixedItem templateId="221002" gender="Female" race="highelf" />
        <FixedItem templateId="220997" gender="male" race="aman" />
        <FixedItem templateId="221003" gender="Female" race="aman" />
        <FixedItem templateId="220998" gender="male" race="castanic" />
        <FixedItem templateId="221004" gender="Female" race="castanic" />
        <FixedItem templateId="220999" gender="male" race="popori" />
        <FixedItem templateId="221005" gender="Female" race="popori" />
        <FixedItem templateId="221000" gender="male" race="baraka" />
    </SeedItem>
    <SeedItem name="[이벤트]블랙 드레스과 슈트 상자" animSet="Gift_Box_ANI.Anim.Gift_Box_Anim" mesh="Gift_Box01.Skel.Gift_Box04_Skel" itemTemplateId="220902" animTree="S1Prototype.SimpleAnimTree" failEffectId="50432" successEffectId="50430" waitEffectId="50431">
        <FixedItem templateId="221006" gender="male" race="human" />
        <FixedItem templateId="221007" gender="Female" race="human" />
        <FixedItem templateId="221008" gender="male" race="highelf" />
        <FixedItem templateId="221009" gender="Female" race="highelf" />
        <FixedItem templateId="221010" gender="male" race="aman" />
        <FixedItem templateId="221011" gender="Female" race="aman" />
        <FixedItem templateId="221012" gender="male" race="castanic" />
        <FixedItem templateId="221013" gender="Female" race="castanic" />
        <FixedItem templateId="221014" gender="male" race="popori" />
        <FixedItem templateId="221015" gender="Female" race="popori" />
        <FixedItem templateId="221016" gender="male" race="baraka" />
    </SeedItem>
    <SeedItem name="포인트 블랙 세일러룩 상자" animSet="Gift_Box_ANI.Anim.Gift_Box_Anim" mesh="Gift_Box01.Skel.Gift_Box04_Skel" itemTemplateId="220903" animTree="S1Prototype.SimpleAnimTree" failEffectId="50432" successEffectId="50430" waitEffectId="50431">
        <FixedItem templateId="221017" gender="Female" race="human" />
        <FixedItem templateId="221018" gender="Female" race="highelf" />
        <FixedItem templateId="221019" gender="Female" race="castanic" />
        <FixedItem templateId="221020" gender="Female" race="popori" />
    </SeedItem>
    <SeedItem name="마린걸 아쿠아마린 상자" animSet="Gift_Box_ANI.Anim.Gift_Box_Anim" mesh="Gift_Box01.Skel.Gift_Box04_Skel" itemTemplateId="220904" animTree="S1Prototype.SimpleAnimTree" failEffectId="50432" successEffectId="50430" waitEffectId="50431">
        <FixedItem templateId="221021" gender="Female" race="human" />
        <FixedItem templateId="221022" gender="Female" race="highelf" />
        <FixedItem templateId="221023" gender="Female" race="castanic" />
        <FixedItem templateId="221024" gender="Female" race="popori" />
    </SeedItem>
    <SeedItem name="파티 드레스와 슈트 상자" animSet="Gift_Box_ANI.Anim.Gift_Box_Anim" mesh="Gift_Box01.Skel.Gift_Box04_Skel" itemTemplateId="220905" animTree="S1Prototype.SimpleAnimTree" failEffectId="50432" successEffectId="50430" waitEffectId="50431">
        <FixedItem templateId="221025" gender="male" race="human" />
        <FixedItem templateId="221026" gender="Female" race="human" />
        <FixedItem templateId="221027" gender="male" race="highelf" />
        <FixedItem templateId="221028" gender="Female" race="highelf" />
        <FixedItem templateId="221029" gender="male" race="aman" />
        <FixedItem templateId="221030" gender="Female" race="aman" />
        <FixedItem templateId="221031" gender="male" race="castanic" />
        <FixedItem templateId="221032" gender="Female" race="castanic" />
        <FixedItem templateId="221033" gender="male" race="popori" />
        <FixedItem templateId="221034" gender="Female" race="popori" />
        <FixedItem templateId="221035" gender="male" race="baraka" />
    </SeedItem>
    <SeedItem name="유르제의 검은색 간호복 상자" animSet="Gift_Box_ANI.Anim.Gift_Box_Anim" mesh="Gift_Box01.Skel.Gift_Box04_Skel" itemTemplateId="220906" animTree="S1Prototype.SimpleAnimTree" failEffectId="50432" successEffectId="50430" waitEffectId="50431">
        <FixedItem templateId="221036" gender="Female" race="human" />
        <FixedItem templateId="221037" gender="Female" race="highelf" />
        <FixedItem templateId="221038" gender="Female" race="aman" />
        <FixedItem templateId="221039" gender="Female" race="castanic" />
        <FixedItem templateId="221040" gender="Female" race="popori" />
    </SeedItem>
    <SeedItem name="[염색]유니크: 2014 치파오 상자" animSet="Gift_Box_ANI.Anim.Gift_Box_Anim" mesh="Gift_Box01.Skel.Gift_Box04_Skel" itemTemplateId="220907" animTree="S1Prototype.SimpleAnimTree" failEffectId="50432" successEffectId="50430" waitEffectId="50431">
        <FixedItem templateId="221041" gender="Female" race="human" />
        <FixedItem templateId="221042" gender="Female" race="highelf" />
        <FixedItem templateId="221043" gender="Female" race="aman" />
        <FixedItem templateId="221044" gender="Female" race="castanic" />
        <FixedItem templateId="221045" gender="Female" race="popori" />
    </SeedItem>
    <SeedItem name="2014 집사복 상자" animSet="Gift_Box_ANI.Anim.Gift_Box_Anim" mesh="Gift_Box01.Skel.Gift_Box04_Skel" itemTemplateId="220908" animTree="S1Prototype.SimpleAnimTree" failEffectId="50432" successEffectId="50430" waitEffectId="50431">
        <FixedItem templateId="221046" gender="male" race="human" />
        <FixedItem templateId="221052" gender="Female" race="human" />
        <FixedItem templateId="221047" gender="male" race="highelf" />
        <FixedItem templateId="221053" gender="Female" race="highelf" />
        <FixedItem templateId="221048" gender="male" race="aman" />
        <FixedItem templateId="221054" gender="Female" race="aman" />
        <FixedItem templateId="221049" gender="male" race="castanic" />
        <FixedItem templateId="221055" gender="Female" race="castanic" />
        <FixedItem templateId="221050" gender="male" race="popori" />
        <FixedItem templateId="221056" gender="Female" race="popori" />
        <FixedItem templateId="221051" gender="male" race="baraka" />
    </SeedItem>
    <SeedItem name="[이벤트]백은기사 방어구 상자(3일)" animSet="Gift_Box_ANI.Anim.Gift_Box_Anim" mesh="Gift_Box01.Skel.Gift_Box04_Skel" itemTemplateId="221535" animTree="S1Prototype.SimpleAnimTree" failEffectId="50432" successEffectId="50430" waitEffectId="50431">
        <FixedItem class="LANCER" templateId="221531" />
        <FixedItem class="BERSERKER" templateId="221531" />
        <FixedItem class="ENGINEER" templateId="221531" />
        <FixedItem class="FIGHTER" templateId="221531" />
        <FixedItem class="WARRIOR" templateId="221532" />
        <FixedItem class="SLAYER" templateId="221532" />
        <FixedItem class="archer" templateId="221532" />
        <FixedItem class="SOULLESS" templateId="221532" />
        <FixedItem class="SORCERER" templateId="221533" />
        <FixedItem class="PRIEST" templateId="221533" />
        <FixedItem class="ELEMENTALIST" templateId="221533" />
    </SeedItem>
    <SeedItem name="[카트라이더] 다오 상자" animSet="Gift_Box_ANI.Anim.Gift_Box_Anim" mesh="Gift_Box01.Skel.Gift_Box05_Skel" itemTemplateId="221921" animTree="S1Prototype.SimpleAnimTree" failEffectId="50432" successEffectId="50430" waitEffectId="50431">
        <FixedItem templateId="221844" gender="male" race="human" />
        <FixedItem templateId="221850" gender="male" race="highelf" />
        <FixedItem templateId="221856" gender="male" race="aman" />
        <FixedItem templateId="221862" gender="male" race="castanic" />
        <FixedItem templateId="221868" gender="male" race="popori" />
        <FixedItem templateId="221874" gender="male" race="baraka" />
        <FixedItem templateId="221847" gender="Female" race="human" />
        <FixedItem templateId="221853" gender="Female" race="highelf" />
        <FixedItem templateId="221859" gender="Female" race="aman" />
        <FixedItem templateId="221865" gender="Female" race="castanic" />
        <FixedItem templateId="221871" gender="Female" race="popori" />
        <ResultItemSet>
            <ResultItem />
        </ResultItemSet>
    </SeedItem>
    <SeedItem name="[카트라이더] 배찌 상자" animSet="Gift_Box_ANI.Anim.Gift_Box_Anim" mesh="Gift_Box01.Skel.Gift_Box05_Skel" itemTemplateId="221922" animTree="S1Prototype.SimpleAnimTree" failEffectId="50432" successEffectId="50430" waitEffectId="50431">
        <FixedItem templateId="221845" gender="male" race="human" />
        <FixedItem templateId="221851" gender="male" race="highelf" />
        <FixedItem templateId="221857" gender="male" race="aman" />
        <FixedItem templateId="221863" gender="male" race="castanic" />
        <FixedItem templateId="221869" gender="male" race="popori" />
        <FixedItem templateId="221875" gender="male" race="baraka" />
        <FixedItem templateId="221848" gender="Female" race="human" />
        <FixedItem templateId="221854" gender="Female" race="highelf" />
        <FixedItem templateId="221860" gender="Female" race="aman" />
        <FixedItem templateId="221866" gender="Female" race="castanic" />
        <FixedItem templateId="221872" gender="Female" race="popori" />
        <ResultItemSet>
            <ResultItem />
        </ResultItemSet>
    </SeedItem>
    <SeedItem name="[카트라이더] 디지니 상자" animSet="Gift_Box_ANI.Anim.Gift_Box_Anim" mesh="Gift_Box01.Skel.Gift_Box05_Skel" itemTemplateId="221923" animTree="S1Prototype.SimpleAnimTree" failEffectId="50432" successEffectId="50430" waitEffectId="50431">
        <FixedItem templateId="221846" gender="male" race="human" />
        <FixedItem templateId="221852" gender="male" race="highelf" />
        <FixedItem templateId="221858" gender="male" race="aman" />
        <FixedItem templateId="221864" gender="male" race="castanic" />
        <FixedItem templateId="221870" gender="male" race="popori" />
        <FixedItem templateId="221876" gender="male" race="baraka" />
        <FixedItem templateId="221849" gender="Female" race="human" />
        <FixedItem templateId="221855" gender="Female" race="highelf" />
        <FixedItem templateId="221861" gender="Female" race="aman" />
        <FixedItem templateId="221867" gender="Female" race="castanic" />
        <FixedItem templateId="221873" gender="Female" race="popori" />
        <ResultItemSet>
            <ResultItem />
        </ResultItemSet>
    </SeedItem>
    <SeedItem name="[EVT]유니크: 모던 캠퍼스룩 상자" animSet="Gift_Box_ANI.Anim.Gift_Box_Anim" mesh="Gift_Box01.Skel.Gift_Box05_Skel" itemTemplateId="222330" animTree="S1Prototype.SimpleAnimTree" failEffectId="50432" successEffectId="50430" waitEffectId="50431">
        <FixedItem templateId="222319" gender="male" race="human" />
        <FixedItem templateId="222320" gender="Female" race="human" />
        <FixedItem templateId="222321" gender="male" race="highelf" />
        <FixedItem templateId="222322" gender="Female" race="highelf" />
        <FixedItem templateId="222323" gender="male" race="aman" />
        <FixedItem templateId="222324" gender="Female" race="aman" />
        <FixedItem templateId="222325" gender="male" race="castanic" />
        <FixedItem templateId="222326" gender="Female" race="castanic" />
        <FixedItem templateId="222327" gender="male" race="popori" />
        <FixedItem templateId="222328" gender="Female" race="popori" />
        <FixedItem templateId="222329" gender="male" race="baraka" />
    </SeedItem>
    <SeedItem name="픽시 의상 상자" animSet="Gift_Box_ANI.Anim.Gift_Box_Anim" mesh="Gift_Box01.Skel.Gift_Box05_Skel" itemTemplateId="222774" animTree="S1Prototype.SimpleAnimTree" failEffectId="50432" successEffectId="50430" waitEffectId="50431">
        <FixedItem templateId="260382" gender="male" race="human" />
        <FixedItem templateId="260406" gender="Female" race="human" />
        <FixedItem templateId="260430" gender="male" race="highelf" />
        <FixedItem templateId="260454" gender="Female" race="highelf" />
        <FixedItem templateId="260478" gender="male" race="aman" />
        <FixedItem templateId="260502" gender="Female" race="aman" />
        <FixedItem templateId="260526" gender="male" race="castanic" />
        <FixedItem templateId="260550" gender="Female" race="castanic" />
        <FixedItem templateId="260574" gender="male" race="popori" />
        <FixedItem templateId="260598" gender="Female" race="popori" />
        <FixedItem templateId="260622" gender="male" race="baraka" />
    </SeedItem>
    <SeedItem name="유니크: 픽시 의상 상자" animSet="Gift_Box_ANI.Anim.Gift_Box_Anim" mesh="Gift_Box01.Skel.Gift_Box05_Skel" itemTemplateId="222775" animTree="S1Prototype.SimpleAnimTree" failEffectId="50432" successEffectId="50430" waitEffectId="50431">
        <FixedItem templateId="260394" gender="male" race="human" />
        <FixedItem templateId="260418" gender="Female" race="human" />
        <FixedItem templateId="260442" gender="male" race="highelf" />
        <FixedItem templateId="260466" gender="Female" race="highelf" />
        <FixedItem templateId="260490" gender="male" race="aman" />
        <FixedItem templateId="260514" gender="Female" race="aman" />
        <FixedItem templateId="260538" gender="male" race="castanic" />
        <FixedItem templateId="260562" gender="Female" race="castanic" />
        <FixedItem templateId="260586" gender="male" race="popori" />
        <FixedItem templateId="260610" gender="Female" race="popori" />
        <FixedItem templateId="260634" gender="male" race="baraka" />
    </SeedItem>
    <SeedItem name="원소 의상 레어 상자" animSet="Gift_Box_ANI.Anim.Gift_Box_Anim" mesh="Gift_Box01.Skel.Gift_Box05_Skel" itemTemplateId="222782" animTree="S1Prototype.SimpleAnimTree" failEffectId="50432" successEffectId="50430" waitEffectId="50431">
        <FixedItem templateId="203251" gender="male" race="human" />
        <FixedItem templateId="203275" gender="Female" race="human" />
        <FixedItem templateId="203299" gender="male" race="highelf" />
        <FixedItem templateId="203323" gender="Female" race="highelf" />
        <FixedItem templateId="203347" gender="male" race="aman" />
        <FixedItem templateId="203371" gender="Female" race="aman" />
        <FixedItem templateId="203395" gender="male" race="castanic" />
        <FixedItem templateId="203419" gender="Female" race="castanic" />
        <FixedItem templateId="203443" gender="male" race="popori" />
        <FixedItem templateId="203467" gender="Female" race="popori" />
        <FixedItem templateId="203491" gender="male" race="baraka" />
    </SeedItem>
    <SeedItem name="원소 의상 상자" animSet="Gift_Box_ANI.Anim.Gift_Box_Anim" mesh="Gift_Box01.Skel.Gift_Box05_Skel" itemTemplateId="222783" animTree="S1Prototype.SimpleAnimTree" failEffectId="50432" successEffectId="50430" waitEffectId="50431">
        <FixedItem templateId="203239" gender="male" race="human" />
        <FixedItem templateId="203263" gender="Female" race="human" />
        <FixedItem templateId="203287" gender="male" race="highelf" />
        <FixedItem templateId="203311" gender="Female" race="highelf" />
        <FixedItem templateId="203335" gender="male" race="aman" />
        <FixedItem templateId="203359" gender="Female" race="aman" />
        <FixedItem templateId="203383" gender="male" race="castanic" />
        <FixedItem templateId="203407" gender="Female" race="castanic" />
        <FixedItem templateId="203431" gender="male" race="popori" />
        <FixedItem templateId="203455" gender="Female" race="popori" />
        <FixedItem templateId="203479" gender="male" race="baraka" />
    </SeedItem>
    <SeedItem name="기니피그 동물의상 상자" animSet="Gift_Box_ANI.Anim.Gift_Box_Anim" mesh="Gift_Box01.Skel.Gift_Box05_Skel" itemTemplateId="223131" animTree="S1Prototype.SimpleAnimTree" failEffectId="50432" successEffectId="50430" waitEffectId="50431">
        <FixedItem templateId="267234" gender="male" race="human" />
        <FixedItem templateId="267258" gender="Female" race="human" />
        <FixedItem templateId="267282" gender="male" race="highelf" />
        <FixedItem templateId="267306" gender="Female" race="highelf" />
        <FixedItem templateId="267330" gender="male" race="aman" />
        <FixedItem templateId="267354" gender="Female" race="aman" />
        <FixedItem templateId="267378" gender="male" race="castanic" />
        <FixedItem templateId="267402" gender="Female" race="castanic" />
        <FixedItem templateId="267426" gender="male" race="popori" />
        <FixedItem templateId="267450" gender="Female" race="popori" />
        <FixedItem templateId="267474" gender="male" race="baraka" />
    </SeedItem>
    <SeedItem name="반달곰 동물의상 상자" animSet="Gift_Box_ANI.Anim.Gift_Box_Anim" mesh="Gift_Box01.Skel.Gift_Box05_Skel" itemTemplateId="223132" animTree="S1Prototype.SimpleAnimTree" failEffectId="50432" successEffectId="50430" waitEffectId="50431">
        <FixedItem templateId="267246" gender="male" race="human" />
        <FixedItem templateId="267270" gender="Female" race="human" />
        <FixedItem templateId="267294" gender="male" race="highelf" />
        <FixedItem templateId="267318" gender="Female" race="highelf" />
        <FixedItem templateId="267342" gender="male" race="aman" />
        <FixedItem templateId="267366" gender="Female" race="aman" />
        <FixedItem templateId="267390" gender="male" race="castanic" />
        <FixedItem templateId="267414" gender="Female" race="castanic" />
        <FixedItem templateId="267438" gender="male" race="popori" />
        <FixedItem templateId="267462" gender="Female" race="popori" />
        <FixedItem templateId="267486" gender="male" race="baraka" />
    </SeedItem>
</ItemConversion>
